{"entities":{"pages":{"intro":{"id":"intro","title":"Manjaro Linux Guide","url":"intro.html","level":0,"tabIndex":0},"setup-system":{"id":"setup-system","title":"Setting your system up","url":"setup-system.html","level":0,"tabIndex":1},"first-steps":{"id":"first-steps","title":"First Steps","url":"first-steps.html","level":0,"tabIndex":2},"terminal":{"id":"terminal","title":"Terminal Emulator","url":"terminal.html","level":0,"tabIndex":3},"setup-manjaro":{"id":"setup-manjaro","title":"Setting up Manjaro","url":"setup-manjaro.html","level":0,"tabIndex":4},"audio":{"id":"audio","title":"Audio","url":"audio.html","level":0,"tabIndex":5},"gnome-extensions":{"id":"gnome-extensions","title":"Gnome Extensions","url":"gnome-extensions.html","level":0,"tabIndex":6},"utilities":{"id":"utilities","title":"Utilities","url":"utilities.html","level":0,"tabIndex":7},"graphics":{"id":"graphics","title":"Graphics","url":"graphics.html","level":0,"tabIndex":8},"apps":{"id":"apps","title":"Apps","url":"apps.html","level":0,"tabIndex":9},"dev-tools":{"id":"dev-tools","title":"Dev Tools","url":"dev-tools.html","level":0,"tabIndex":10},"gaming":{"id":"gaming","title":"Gaming on Linux","url":"gaming.html","level":0,"tabIndex":11},"flatpak-apps":{"id":"flatpak-apps","title":"Flatpak Apps","url":"flatpak-apps.html","level":0,"tabIndex":12},"home-servers":{"id":"home-servers","title":"Home Servers","url":"home-servers.html","level":0,"tabIndex":13},"network":{"id":"network","title":"Network Settings","url":"network.html","level":0,"tabIndex":14},"version-control":{"id":"version-control","title":"Version Control","url":"version-control.html","level":0,"tabIndex":15},"linux-kernel":{"id":"linux-kernel","title":"Linux Kernel","url":"linux-kernel.html","level":0,"tabIndex":16},"solutions-archive":{"id":"solutions-archive","title":"Solutions Archive","url":"solutions-archive.html","level":0,"tabIndex":17},"local-ai":{"id":"local-ai","title":"Local AI","url":"local-ai.html","level":0,"tabIndex":18},"references":{"id":"references","title":"References","url":"references.html","level":0,"tabIndex":19}}},"topLevelIds":["intro","setup-system","first-steps","terminal","setup-manjaro","audio","gnome-extensions","utilities","graphics","apps","dev-tools","gaming","flatpak-apps","home-servers","network","version-control","linux-kernel","solutions-archive","local-ai","references"]}