{"objectID":"_apps.html#how_to_uninstall_citrix_workspace_app","parent":"_apps.html#zathura","pageViews":0,"url":"writerside-documentation/apps.html#how-to-uninstall-citrix-workspace-app","mainTitle":"Apps","product":"","headings":"Apps,How to uninstall Citrix Workspace app","content":"Important\nTo uninstall Citrix Workspace app, you must be logged in as the same user who does the installation. When you uninstall the Citrix Workspace app, out-of-date cache files at $HOME/.local/share/webkitgtk might not be removed automatically. As a workaround, manually remove the cache files.\nrm -rf $HOME/.local/share/webkitgtk\nTo uninstall the Citrix Workspace app, run the following command:\ncd ~/.tmp\nsudo ./setupwfc\nWhen the setup program starts, type 2 and press Enter to remove the client.\n","pageTitle":"How to uninstall Citrix Workspace app","metaDescription":"","type":"Documentation","breadcrumbs":"","root":0,"depth":0}