{"objectID":"_apps.html#conky","parent":"_apps.html#zathura","pageViews":0,"url":"writerside-documentation/apps.html#conky","mainTitle":"Apps","product":"","headings":"Apps,Conky","content":"sudo pacman -S --needed conky\nSome Distros require a fix for Conky to work properly. If you are using Garuda, you can use the following command to fix it.\nsudo mv /etc/xdg/autostart/conky.desktop /etc/xdg/autostart/conky.desktop.bak\n","pageTitle":"Conky","metaDescription":"","type":"Documentation","breadcrumbs":"","root":0,"depth":0}