{"objectID":"_apps.html#from_the_official_website","parent":"_apps.html#zathura","pageViews":0,"url":"writerside-documentation/apps.html#from-the-official-website","mainTitle":"Apps","product":"","headings":"Apps,From the official website:","content":"Important\nThe version of Citrix Workspace available that works well with Manjaro is linuxx64-23.11.0.82.tar.gz. The tarball package does not do dependency checks nor install dependencies. All system dependencies must be resolved separately.\n2. Download the tarball package from the official website. 4. Extract the contents of the .tar.gz file into an empty directory. cd ~/.tmp\ntar -xvzf linuxx64-23.11.0.82.tar.gz\n2. Run the setup program with sudo and follow its prompts carefully. Say yes to all the prompts but to App Protection unless you need it. sudo ./setupwfc\n2. If you have previously installed GStreamer, you can choose whether to integrate GStreamer with the Citrix Workspace app and support HDX MediaStream Multimedia Acceleration. To integrate Citrix Workspace app with GStreamer, type y at the prompt. Important\nOn some platforms, installing the client from a tarball package can cause the system to become unresponsive after prompting you to integrate with KDE and GNOME. This issue occurs with the first-time initialization of gstreamer-0.10. If you encounter this issue, terminate the installation process (using the keys ctrl+c) and run the command gst-inspect-0.10 -- gst-disable-registry-fork --version. After running the command, you can rerun the tarball package without experiencing the issue.\n2. After the installation is complete, you can start the Citrix Workspace app from the application menu. ","pageTitle":"From the official website:","metaDescription":"","type":"Documentation","breadcrumbs":"","root":0,"depth":0}