{"objectID":"_apps.html#waydroid","parent":"_apps.html#zathura","pageViews":0,"url":"writerside-documentation/apps.html#waydroid","mainTitle":"Apps","product":"","headings":"Apps,Waydroid","content":"Install Waydroid from the AUR repository:\nsudo pamac install waydroid\nOnce the installation is completed, you need to make sure the waydroid-container service has started:\nsystemctl status waydroid-container\nYou can enable it to start at boot time:\nsudo systemctl enable --now waydroid-container\nThen launch Waydroid from the application menu and follow the first-launch wizard.\nIf prompted, use the following links for System OTA and Vendor OTA:\nhttps://ota.waydro.id/system\nhttps://ota.waydro.id/vendor\nInstall Google apps:\nsudo waydroid init -s GAPPS\nThe network should work out of the box. If it\u0027s not working, you might need to make sure packet forwarding is enabled in kernel and allow the following rules through your firewall before running Waydroid session start.\nTaking ufw as an example:\n- DNS traffic needs to be allowed: sudo ufw allow 67\nsudo ufw allow 53\n- Packet forwarding needs to be allowed: sudo ufw default allow FORWARD\nMake the following changes to the Waydroid configuration file:\nsudo vim /var/lib/waydroid/waydroid_base.prop\nro.hardware.gralloc\u003ddefault\nro.hardware.egl\u003dswiftshader\nThen restart the Waydroid container service:\nsudo systemctl restart waydroid-container\n","pageTitle":"Waydroid","metaDescription":"","type":"Documentation","breadcrumbs":"","root":0,"depth":0}