{"objectID":"_apps.html#how_to_install_an_apk_from_the_console","parent":"_apps.html#zathura","pageViews":0,"url":"writerside-documentation/apps.html#how-to-install-an-apk-from-the-console","mainTitle":"Apps","product":"","headings":"Apps,How to install an APK from the console","content":"Launch the Waydroid shell:\nsudo waydroid shell\nwaydroid app install `/path/to/apk`\nGet a list of installed applications:\nwaydroid app list\nLaunch an app:\nwaydroid app launch \u0026lt;package-name\u0026gt;\n","pageTitle":"How to install an APK from the console","metaDescription":"","type":"Documentation","breadcrumbs":"","root":0,"depth":0}