{"objectID":"_apps.html#from_aur_repository","parent":"_apps.html#zathura","pageViews":0,"url":"writerside-documentation/apps.html#from-aur-repository","mainTitle":"Apps","product":"","headings":"Apps,From AUR repository:","content":"Warning\nThe latest version of Citrix Workspace is not working well on Manjaro. Install it through AUR at your own risk.\nsudo pamac install icaclient\nYou have to create \u0027$HOME/.ICAClient/cache\u0027 for each user who uses this program and then populate it with the appropriate ini files.\nmkdir -p $HOME/.ICAClient/cache\ncp /opt/Citrix/ICAClient/config/{All_Regions,Trusted_Region,Unknown_Region,canonicalization,regions}.ini $HOME/.ICAClient/\n","pageTitle":"From AUR repository:","metaDescription":"","type":"Documentation","breadcrumbs":"","root":0,"depth":0}