{"objectID":"_audio.html#enable_auto_connect","parent":"_audio.html#pipewire_wireplumber","pageViews":0,"url":"writerside-documentation/audio.html#enable-auto-connect","mainTitle":"Audio","product":"","headings":"Audio,Enable auto-connect","content":"module-switch-on-connect is a PulseAudio module that automatically switches the audio output to a newly connected device. To enable it, run:\npactl load-module module-switch-on-connect\n","pageTitle":"Enable auto-connect","metaDescription":"","type":"Documentation","breadcrumbs":"","root":0,"depth":0}