{"objectID":"_audio.html#codecs_and_multimedia_dependencies","parent":"_audio.html#pipewire_wireplumber","pageViews":0,"url":"writerside-documentation/audio.html#codecs-and-multimedia-dependencies","mainTitle":"Audio","product":"","headings":"Audio,Codecs and multimedia dependencies","content":"sudo pacman -S --needed gstreamer gstreamer-docs gstreamer-vaapi ffmpegthumbnailer vorbis-tools gst-libav ffmpeg gst-plugins-bad gst-plugins-base gst-plugins-good gst-plugins-ugly libde265 openh264 x264 x265 ffmpeg4.4 ffmpegthumbs giflib lib32-giflib libpng lib32-libpng libldap lib32-libldap gnutls lib32-gnutls mpg123 lib32-mpg123 openal lib32-openal v4l-utils lib32-v4l-utils libpulse lib32-libpulse libgpg-error lib32-libgpg-error alsa-plugins lib32-alsa-plugins alsa-lib lib32-alsa-lib libjpeg-turbo lib32-libjpeg-turbo sqlite lib32-sqlite libxcomposite lib32-libxcomposite libxinerama lib32-libxinerama libgcrypt lib32-libgcrypt ncurses lib32-ncurses ocl-icd lib32-ocl-icd libxslt lib32-xslt libva lib32-libva gtk3 lib32-gtk3 gst-plugins-base-libs lib32-gst-plugins-base-libs vulkan-icd-loader lib32-vulkan-icd-loader mc vifm aspell cdrtools glew lib32-dbus-glib lib32-freeglut lib32-glew lib32-gtk2 lib32-imlib2 lib32-libappindicator-gtk2 lib32-libcaca lib32-libcurl-compat lib32-libcurl-gnutls lib32-libdbusmenu-glib lib32-libdbusmenu-gtk2 lib32-libid3tag lib32-libidn11 lib32-libindicator-gtk2 lib32-libjpeg6-turbo lib32-libmikmod lib32-libmodplug lib32-libnm lib32-libpng12 lib32-librtmp0 lib32-libtheora lib32-libtiff lib32-libudev0-shim lib32-libvpx lib32-libwebp lib32-openssl lib32-pipewire lib32-sdl lib32-sdl2_image lib32-sdl2_mixer lib32-sdl2_ttf lib32-sdl_image lib32-sdl_mixer lib32-sdl_ttf lib32-smpeg libcurl-compat libcurl-gnutls libdbusmenu-gtk2 libgcrypt15 libidn11 libindicator-gtk2 libjpeg6-turbo librtmp0 libtiff4 libudev0-shim libvpx openssl opusfile sdl2_image sdl2_mixer sdl2_ttf sdl_image sdl_mixer sdl_ttf smpeg\n","pageTitle":"Codecs and multimedia dependencies","metaDescription":"","type":"Documentation","breadcrumbs":"","root":0,"depth":0}