{"objectID":"_audio.html#pipewire_wireplumber","parent":"_audio.html#pipewire_wireplumber","pageViews":0,"url":"writerside-documentation/audio.html#pipewire-wireplumber","mainTitle":"Audio","product":"","headings":"Audio,Pipewire \u0026 Wireplumber","content":"PipeWire is a new low-level multimedia framework. It aims to offer capture and playback for both audio and video with minimal latency and support for PulseAudio, JACK, ALSA, and GStreamer-based applications.\nThe daemon based on the framework can be configured to be both an audio server (with PulseAudio and JACK features) and a video capture server.\nPipeWire also supports containers like Flatpak and does not rely on the audio and video user groups. Instead, it uses a Polkit-like security model, asking Flatpak or Wayland for permission to record screen or audio.\nWirePlumber is a powerful session and policy manager for PipeWire. Based on a modular design, with Lua plugins that implement the actual management functionality, it is highly configurable and extendable.\nsudo pacman -S --needed manjaro-pipewire pipewire-jack pipewire-v4l2 pipewire-docs wireplumber\nCheck if PipeWire is running:\nLANG\u003dC pactl info | grep \u0027^Server Name\u0027\nIt should return a similar message to this:\n❯ LANG\u003dC pactl info | grep \u0027^Server Name\u0027\nServer Name: PulseAudio (on PipeWire 1.2.1)\nRun speaker test:\nspeaker-test -c2 -l3 -twav\n","pageTitle":"Pipewire \u0026 Wireplumber","metaDescription":"","type":"Documentation","breadcrumbs":"","root":0,"depth":0}