{"objectID":"_first_steps.html#trim_only_on_ssd","parent":"_first_steps.html#on_a_fresh_install","pageViews":0,"url":"writerside-documentation/first-steps.html#trim-only-on-ssd","mainTitle":"First Steps","product":"","headings":"First Steps,TRIM (only on SSD)","content":"Note\nIt enables an operating system (OS) to inform a NAND flash solid-state drive (SSD) which data blocks it can erase because they are no longer in use. The use of this command can improve the performance of writing data to SSDs and contribute to longer life for the SSD.\nsudo systemctl enable --now fstrim.timer\nsystemctl status fstrim.timer\n","pageTitle":"TRIM (only on SSD)","metaDescription":"","type":"Documentation","breadcrumbs":"","root":0,"depth":0}