{"objectID":"_first_steps.html#install_essential_utilities","parent":"_first_steps.html#on_a_fresh_install","pageViews":0,"url":"writerside-documentation/first-steps.html#install-essential-utilities","mainTitle":"First Steps","product":"","headings":"First Steps,Install essential utilities","content":"sudo pacman -S --needed gparted grsync corectrl easyeffects font-manager shotwell terminator discord conky transmission-gtk frotz-ncurses bitwarden filezilla paperwork openshot gedit netstat-nat manjaro-pipewire pipewire-jack pipewire-v4l2 pipewire-docs realtime-privileges wireplumber tree vsftpd dconf-editor  zsh zsh-doc lsd awesome-terminal-fonts nerd-fonts tmux\n","pageTitle":"Install essential utilities","metaDescription":"","type":"Documentation","breadcrumbs":"","root":0,"depth":0}