{"objectID":"_first_steps.html#install_important_dependencies","parent":"_first_steps.html#on_a_fresh_install","pageViews":0,"url":"writerside-documentation/first-steps.html#install-important-dependencies","mainTitle":"First Steps","product":"","headings":"First Steps,Install important dependencies","content":"sudo pacman -S --needed base-devel wget curl nano mercurial make hidapi dnsmasq vim dialog meson sane samba gawk lsp-plugins lsp-plugins-docs mda.lv2 calf qjournalctl yay qt5pas libappindicator-gtk3 openssh xorg-xhost smartmontools nvme-cli deja-dup zenity cmake gvfs qt5-wayland eog lib32-glibc alsa-lib gst-plugins-base-libs gtk2 libc++ libc++abi libidn11 libjpeg6-turbo libpng12 libsecret libsoup libvorbis libxaw libxp openssl speex webkit2gtk libc++ xerces-c apparmor qt5-svg git git-sizer git-repair git-revise git-filter-repo libva-vdpau-driver sndio v4l2loopback-dkms qt5-wayland qt6-wayland\n","pageTitle":"Install important dependencies","metaDescription":"","type":"Documentation","breadcrumbs":"","root":0,"depth":0}