{"objectID":"_first_steps.html#install_packages_from_backup_files","parent":"_first_steps.html#on_a_fresh_install","pageViews":0,"url":"writerside-documentation/first-steps.html#install-packages-from-backup-files","mainTitle":"First Steps","product":"","headings":"First Steps,Install packages from backup files","content":"Warning\nThis is a dangerous option, only use it if you know what you are doing.\nTo install the packages from the backup list, use the following commands:\n- For the main repository: sudo pacman -S --needed - \u0026lt; pkglist\n- For the AUR repository: cat aur-pkglist | xargs -I {} pamac build {}\n","pageTitle":"Install packages from backup files","metaDescription":"","type":"Documentation","breadcrumbs":"","root":0,"depth":0}