{"objectID":"_first_steps.html#enable_autosnapshots","parent":"_first_steps.html#on_a_fresh_install","pageViews":0,"url":"writerside-documentation/first-steps.html#enable-autosnapshots","mainTitle":"First Steps","product":"","headings":"First Steps,Enable autosnapshots","content":"Check the service status first:\nsystemctl status cronie\nEnable and start the service if necessary:\nsudo systemctl enable --now cronie.service\n","pageTitle":"Enable autosnapshots","metaDescription":"","type":"Documentation","breadcrumbs":"","root":0,"depth":0}