{"objectID":"_flatpak_apps.html#warehouse","parent":"_flatpak_apps.html#flatpak_admin_apps","pageViews":0,"url":"writerside-documentation/flatpak-apps.html#warehouse","mainTitle":"Flatpak Apps","product":"","headings":"Flatpak Apps,Warehouse","content":"Warehouse is an app store for Flatpak apps. It is a graphical app that allows you to search for, install, and manage Flatpak apps.\nflatpak install flathub io.github.flattool.Warehouse\n","pageTitle":"Warehouse","metaDescription":"","type":"Documentation","breadcrumbs":"","root":0,"depth":0}