{"objectID":"_flatpak_apps.html#bottles","parent":"_flatpak_apps.html#flatpak_admin_apps","pageViews":0,"url":"writerside-documentation/flatpak-apps.html#bottles","mainTitle":"Flatpak Apps","product":"","headings":"Flatpak Apps,Bottles:","content":"Bottles is a utility for managing Wine and Windows apps. It allows you to create and manage Wine prefixes, install Windows apps, and run them in a sandboxed environment.\nflatpak install flathub com.usebottles.bottles\n","pageTitle":"Bottles:","metaDescription":"","type":"Documentation","breadcrumbs":"","root":0,"depth":0}