{"objectID":"_flatpak_apps.html#flatpak_apps.md","parent":"_flatpak_apps.html#flatpak_admin_apps","pageViews":0,"url":"writerside-documentation/flatpak-apps.html#flatpak-apps.md","mainTitle":"Flatpak Apps","product":"","headings":"Flatpak Apps","content":"Flatpak is a utility for software deployment and package management for Linux. It is advertised as offering a sandbox environment in which users can run application software in isolation from the rest of the system.\nA Flatpak app can be installed system-wide in /var/lib/flatpak/app. There is another option, you can also install them in the home directory $HOME/.local/share/flatpak/app, and it will only be visible user-account-wide*.\n","pageTitle":"Flatpak Apps","metaDescription":"","type":"Documentation","breadcrumbs":"","root":0,"depth":0}