{"objectID":"_flatpak_apps.html#flatseal","parent":"_flatpak_apps.html#flatpak_admin_apps","pageViews":0,"url":"writerside-documentation/flatpak-apps.html#flatseal","mainTitle":"Flatpak Apps","product":"","headings":"Flatpak Apps,Flatseal","content":"Flatseal is a utility for managing permissions for Flatpak apps. It allows you to view and modify the permissions of installed Flatpak apps.\nflatpak install flathub com.github.tchx84.Flatseal\n","pageTitle":"Flatseal","metaDescription":"","type":"Documentation","breadcrumbs":"","root":0,"depth":0}