{"objectID":"_gaming.html#winetricks","parent":"_gaming.html#lutris","pageViews":0,"url":"writerside-documentation/gaming.html#winetricks","mainTitle":"Gaming on Linux","product":"","headings":"Gaming on Linux,Winetricks","content":"Winetricks is a script that can be used to install various libraries and dependencies required by Windows applications to run on Linux.\nwinetricks\nInstall dependencies in one go:\nwinetricks corefonts lucida droid consolas allcodecs dxvk dotnet40 d3dx9_43\n","pageTitle":"Winetricks","metaDescription":"","type":"Documentation","breadcrumbs":"","root":0,"depth":0}