{"objectID":"_gaming.html#proton","parent":"_gaming.html#lutris","pageViews":0,"url":"writerside-documentation/gaming.html#proton","mainTitle":"Gaming on Linux","product":"","headings":"Gaming on Linux,Proton","content":"Proton is a compatibility layer that allows you to run Windows games on Linux. It is a fork of Wine with additional patches and tools to make it easier to run games on Linux.\n","pageTitle":"Proton","metaDescription":"","type":"Documentation","breadcrumbs":"","root":0,"depth":0}