{"objectID":"_gaming.html#gamescope","parent":"_gaming.html#lutris","pageViews":0,"url":"writerside-documentation/gaming.html#gamescope","mainTitle":"Gaming on Linux","product":"","headings":"Gaming on Linux,Gamescope","content":"Gamescope is a compositor that allows you to run games in a separate X server with a custom resolution and refresh rate. This can help improve performance and reduce input lag in games.\nsudo pacman -S --needed gamescope\n","pageTitle":"Gamescope","metaDescription":"","type":"Documentation","breadcrumbs":"","root":0,"depth":0}