{"objectID":"_gaming.html#protonup_ng_using_python","parent":"_gaming.html#lutris","pageViews":0,"url":"writerside-documentation/gaming.html#protonup-ng-using-python","mainTitle":"Gaming on Linux","product":"","headings":"Gaming on Linux,ProtonUp-NG using Python","content":"pip3 install protonup-ng\nUninstall ProtonUp-NG using Python:\npip3 uninstall protonup-ng\nAdd these lines to your shell configuration file:\nexport PATH\u003d$PATH:~/.local/bin\nsource .zshrc\n","pageTitle":"ProtonUp-NG using Python","metaDescription":"","type":"Documentation","breadcrumbs":"","root":0,"depth":0}