{"objectID":"_gaming.html#gamemode","parent":"_gaming.html#lutris","pageViews":0,"url":"writerside-documentation/gaming.html#gamemode","mainTitle":"Gaming on Linux","product":"","headings":"Gaming on Linux,GameMode","content":"GameMode is a daemon/lib combo for Linux that allows games to request a set of optimizations to be temporarily applied to the host OS.\nsudo pacman -S --needed gamemode lib32-gamemode\n","pageTitle":"GameMode","metaDescription":"","type":"Documentation","breadcrumbs":"","root":0,"depth":0}