{"objectID":"_gaming.html#replay_sorcery","parent":"_gaming.html#lutris","pageViews":0,"url":"writerside-documentation/gaming.html#replay-sorcery","mainTitle":"Gaming on Linux","product":"","headings":"Gaming on Linux,Replay Sorcery","content":"Replay is a tool that allows you to record and replay your games on Linux. It supports various formats such as MP4, WebM, and GIF.\nyay -S --needed replay-sorcery\n","pageTitle":"Replay Sorcery","metaDescription":"","type":"Documentation","breadcrumbs":"","root":0,"depth":0}