{"objectID":"_gaming.html#steam","parent":"_gaming.html#lutris","pageViews":0,"url":"writerside-documentation/gaming.html#steam","mainTitle":"Gaming on Linux","product":"","headings":"Gaming on Linux,Steam","content":"Steam is a digital distribution platform that allows you to buy, download, and play games on Linux. It is the most popular gaming platform on Linux and supports a wide range of games.\nsudo pacman -S --needed steam linux-steam-integration steam-native-runtime\n","pageTitle":"Steam","metaDescription":"","type":"Documentation","breadcrumbs":"","root":0,"depth":0}