{"objectID":"_gaming.html#goverlay","parent":"_gaming.html#lutris","pageViews":0,"url":"writerside-documentation/gaming.html#goverlay","mainTitle":"Gaming on Linux","product":"","headings":"Gaming on Linux,Goverlay","content":"Goverlay is a graphical tool to manage Linux system settings for gaming. It allows you to configure various settings such as CPU governor, I/O scheduler, and GPU overclocking.\nyay -S --needed goverlay-bin\n","pageTitle":"Goverlay","metaDescription":"","type":"Documentation","breadcrumbs":"","root":0,"depth":0}