{"objectID":"_gaming.html#install_protontricks_from_aur_repository","parent":"_gaming.html#lutris","pageViews":0,"url":"writerside-documentation/gaming.html#install-protontricks-from-aur-repository","mainTitle":"Gaming on Linux","product":"","headings":"Gaming on Linux,Install Protontricks from AUR repository","content":"A simple wrapper that does winetricks things for Proton-enabled games.\nyay -S protontricks\n","pageTitle":"Install Protontricks from AUR repository","metaDescription":"","type":"Documentation","breadcrumbs":"","root":0,"depth":0}