{"objectID":"_gaming.html#install_protonup_cli","parent":"_gaming.html#lutris","pageViews":0,"url":"writerside-documentation/gaming.html#install-protonup-cli","mainTitle":"Gaming on Linux","product":"","headings":"Gaming on Linux,Install ProtonUp CLI","content":"ProtonUp-RS from AUR repository:\nwget https://github.com/auyer/Protonup-rs/releases/latest/download/protonup-rs-linux-amd64.tar.gz -O - | tar -xz \u0026\u0026 zenity --password | sudo -S mv protonup-rs /usr/bin/\nProtonUp-NG from AUR repository:\nyay -S protonup-ng-git\n","pageTitle":"Install ProtonUp CLI","metaDescription":"","type":"Documentation","breadcrumbs":"","root":0,"depth":0}