{"objectID":"_gaming.html#lutris","parent":"_gaming.html#lutris","pageViews":0,"url":"writerside-documentation/gaming.html#lutris","mainTitle":"Gaming on Linux","product":"","headings":"Gaming on Linux,Lutris","content":"Lutris is a gaming platform that allows you to install, configure, and launch games from one place. It supports a wide range of games, including those from GOG, Steam and Humble.\nsudo pacman -S --needed lutris\n","pageTitle":"Lutris","metaDescription":"","type":"Documentation","breadcrumbs":"","root":0,"depth":0}