{"objectID":"_gaming.html#heroic_games_launcher","parent":"_gaming.html#lutris","pageViews":0,"url":"writerside-documentation/gaming.html#heroic-games-launcher","mainTitle":"Gaming on Linux","product":"","headings":"Gaming on Linux,Heroic Games Launcher","content":"Heroic Games Launcher is an open-source alternative to the Epic Games Launcher. It allows you to install, configure, and launch games from the Epic Games Store.\nyay -S heroic-games-launcher-bin\n","pageTitle":"Heroic Games Launcher","metaDescription":"","type":"Documentation","breadcrumbs":"","root":0,"depth":0}