{"objectID":"_gaming.html#wine_wine_is_not_an_emulator","parent":"_gaming.html#lutris","pageViews":0,"url":"writerside-documentation/gaming.html#wine-wine-is-not-an-emulator","mainTitle":"Gaming on Linux","product":"","headings":"Gaming on Linux,Wine (Wine Is Not an Emulator)","content":"Wine is a compatibility layer that allows you to run Windows applications on Linux. It is not an emulator but rather a translation layer that converts Windows API calls into POSIX calls on-the-fly. This allows you to run Windows applications on Linux without the need for a virtual machine or dual-booting.\nsudo pacman -S --needed wine-staging winetricks wine-gecko wine-mono mono vkd3d lib32-vkd3d wine-gecko\nConfiguring Wine for x64:\nwinecfg\nConfiguring Wine for x86:\nEnable these environment variables in your shell:\nexport WINEARCH\u003dwin32\nexport WINEPREFIX\u003d~/.wine32\nAnd create the directory:\nmkdir -p ~/.wine32/drive_c\nwinecfg\n","pageTitle":"Wine (Wine Is Not an Emulator)","metaDescription":"","type":"Documentation","breadcrumbs":"","root":0,"depth":0}