{"objectID":"_gaming.html#mangohud","parent":"_gaming.html#lutris","pageViews":0,"url":"writerside-documentation/gaming.html#mangohud","mainTitle":"Gaming on Linux","product":"","headings":"Gaming on Linux,MangoHud","content":"MangoHud is a heads-up display (HUD) for Linux that allows you to monitor FPS, CPU and GPU usage, and other performance metrics while gaming.\nsudo pacman -S --needed mangohud lib32-mangohud\n","pageTitle":"MangoHud","metaDescription":"","type":"Documentation","breadcrumbs":"","root":0,"depth":0}