{"objectID":"_gaming.html#esync_helps_game_overhead","parent":"_gaming.html#lutris","pageViews":0,"url":"writerside-documentation/gaming.html#esync-helps-game-overhead","mainTitle":"Gaming on Linux","product":"","headings":"Gaming on Linux,ESync - Helps Game Overhead","content":"Check to see if Esync is enabled (most distributions do by default)\nulimit -Hn\nIf the output is higher than 500,000, then ESYNC is enabled. If the returning value is lower or equal to 500,000, then ESYNC is disabled. You will have to enable it manually. Change the following files:\nsudo vim /etc/systemd/system.conf\nDefaultLimitNOFILE\u003d524288\nNote\nMake sure you change \u0026lt;username\u0026gt; to your actual username.\nsudo gedit /etc/security/limits.conf\n\u0026lt;username\u0026gt; hard nofile 524288\n\u0026lt;username\u0026gt; soft nofile 524288\n","pageTitle":"ESync - Helps Game Overhead","metaDescription":"","type":"Documentation","breadcrumbs":"","root":0,"depth":0}