{"objectID":"_gaming.html#check_protonup_version_installed","parent":"_gaming.html#lutris","pageViews":0,"url":"writerside-documentation/gaming.html#check-protonup-version-installed","mainTitle":"Gaming on Linux","product":"","headings":"Gaming on Linux,Check Protonup version installed","content":"pip list | grep protonup\nBefore opening Steam, set your installation directory:\nprotonup -d \"~/.steam/root/compatibilitytools.d/\"\n","pageTitle":"Check Protonup version installed","metaDescription":"","type":"Documentation","breadcrumbs":"","root":0,"depth":0}