{"objectID":"_gnome_extensions.html#list_installed_extensions","parent":"_gnome_extensions.html#list_installed_extensions","pageViews":0,"url":"writerside-documentation/gnome-extensions.html#list-installed-extensions","mainTitle":"Gnome Extensions","product":"","headings":"Gnome Extensions,List installed extensions","content":"Your locally installed gnome Shell extensions, i.e., these that are installed for your user only, can be listed with the command:\nls -al ~/.local/share/gnome-shell/extensions/\nSystem-wide installed gnome-shell extensions are listed with the command:\nls -al /usr/share/gnome-shell/extensions/\nYou can find out which extensions are enables by querying a dconf setting:\ngsettings get org.gnome.shell enabled-extensions\n","pageTitle":"List installed extensions","metaDescription":"","type":"Documentation","breadcrumbs":"","root":0,"depth":0}