{"objectID":"_gnome_extensions.html#gsconnect","parent":"_gnome_extensions.html#list_installed_extensions","pageViews":0,"url":"writerside-documentation/gnome-extensions.html#gsconnect","mainTitle":"Gnome Extensions","product":"","headings":"Gnome Extensions,GSConnect","content":"If you are using a firewall, you need to open port 1714 to 1764.\nsudo ufw allow 1714:1764/udp\nsudo ufw allow 1714:1764/tcp\nsudo ufw reload\n","pageTitle":"GSConnect","metaDescription":"","type":"Documentation","breadcrumbs":"","root":0,"depth":0}