{"objectID":"_graphics.html#mesa","parent":"_graphics.html#mesa","pageViews":0,"url":"writerside-documentation/graphics.html#mesa","mainTitle":"Graphics","product":"","headings":"Graphics,MESA","content":"Mesa, also called Mesa3D and The Mesa 3D Graphics Library, is an open source implementation of OpenGL, Vulkan, and other graphics API specifications. Mesa translates these specifications to vendor-specific graphics hardware drivers.\nWe can install Mesa with the following command:\nsudo pacman -S --needed mesa mesa-utils lib32-mesa-utils mesa-demos lib32-mesa-demos libva-mesa-driver mesa-vdpau lib32-mesa-vdpau glu\nTo check if Mesa is installed correctly, run the following command:\nglxinfo | grep OpenGL\nThe output should look like this:\n❯ glxinfo | grep OpenGL\nOpenGL vendor string: AMD\nOpenGL renderer string: AMD Radeon RX 5500 XT (radeonsi, navi14, LLVM 18.1.8, DRM 3.54, 6.6.41-1-MANJARO)\nOpenGL core profile version string: 4.6 (Core Profile) Mesa 24.1.3-manjaro1.1\nOpenGL core profile shading language version string: 4.60\nOpenGL core profile context flags: (none)\nOpenGL core profile profile mask: core profile\nOpenGL core profile extensions:\nOpenGL version string: 4.6 (Compatibility Profile) Mesa 24.1.3-manjaro1.1\nOpenGL shading language version string: 4.60\nOpenGL context flags: (none)\nOpenGL profile mask: compatibility profile\nOpenGL extensions:\nOpenGL ES profile version string: OpenGL ES 3.2 Mesa 24.1.3-manjaro1.1\nOpenGL ES profile shading language version string: OpenGL ES GLSL ES 3.20\nOpenGL ES profile extensions:\nIf in the value of OpenGL renderer string: you see llvmpipe, that means your system does not use the GPU but the CPU instead to render the computer graphics. If you want to use the GPU, look at the GraphicsCard page. Sometimes you need to install the proprietary package from the non-free repositories to activate the driver.\n","pageTitle":"MESA","metaDescription":"","type":"Documentation","breadcrumbs":"","root":0,"depth":0}