{"objectID":"_graphics.html#vulkan","parent":"_graphics.html#mesa","pageViews":0,"url":"writerside-documentation/graphics.html#vulkan","mainTitle":"Graphics","product":"","headings":"Graphics,Vulkan","content":"Vulkan is a low-level, low-overhead cross-platform API and open standard for 3D graphics and computing. It was intended to address the shortcomings of OpenGL and grant developers more control over the GPU. It is designed to support a wide variety of GPUs, CPUs and operating systems, and it is also designed to work with modern multicore CPUs.\nInstall Vulkan with the following command:\nsudo pacman -S --needed amdvlk qt6-shadertools vulkan-extra-layers vulkan-extra-tools vulkan-html-docs vulkan-tools vulkan-validation-layers python-glfw vkd3d vkmark lib32-amdvlk lib32-vkd3d lib32-vulkan-validation-layers vulkan-mesa-layers\nTo ensure that Vulkan is working with your hardware, run the following command:\nvulkaninfo | less\n","pageTitle":"Vulkan","metaDescription":"","type":"Documentation","breadcrumbs":"","root":0,"depth":0}