{"objectID":"_graphics.html#graphics.md","parent":"_graphics.html#mesa","pageViews":0,"url":"writerside-documentation/graphics.html#graphics.md","mainTitle":"Graphics","product":"","headings":"Graphics","content":"It might not be necessary to install Mesa and Vulkan drivers. These components are primarily used for rendering graphics in applications that support them, such as many modern games and some professional software. If you don\u0027t use these applications, you can skip this section.\n","pageTitle":"Graphics","metaDescription":"","type":"Documentation","breadcrumbs":"","root":0,"depth":0}