{"objectID":"_home_servers.html#fix_max_amount_of_libraries_for_non_root_users","parent":"_home_servers.html#printers","pageViews":0,"url":"writerside-documentation/home-servers.html#fix-max-amount-of-libraries-for-non-root-users","mainTitle":"Home Servers","product":"","headings":"Home Servers,Fix max amount of libraries for non-root users","content":"sudo gedit /etc/sysctl.d/40-max-user-watches.conf\nfs.inotify.max_user_watches\u003d524288\n","pageTitle":"Fix max amount of libraries for non-root users","metaDescription":"","type":"Documentation","breadcrumbs":"","root":0,"depth":0}