{"objectID":"_home_servers.html#update_servers_configuration","parent":"_home_servers.html#printers","pageViews":0,"url":"writerside-documentation/home-servers.html#update-servers-configuration","mainTitle":"Home Servers","product":"","headings":"Home Servers,Update servers configuration","content":"First, backup the original configuration file:\nsudo mv /etc/vsftpd.conf /etc/vsftpd.conf.bak\nThen, create a new configuration file and edit it:\nsudo touch /etc/vsftpd.conf\nsudo vim /etc/vsftpd.conf\n# Example config file /etc/vsftpd.conf\n#\n# The default compiled in settings are fairly paranoid. This sample file\n# loosens things up a bit, to make the ftp daemon more usable.\n# Please see vsftpd.conf.5 for all compiled in defaults.\n#\n# READ THIS: This example file is NOT an exhaustive list of vsftpd options.\n# Please read the vsftpd.conf.5 manual page to get a full idea of vsftpd\u0027s\n# capabilities.\n#\n# Allow anonymous FTP? (Beware - allowed by default if you comment this out).\nanonymous_enable\u003dNO\n#\n# Uncomment this to allow local users to log in.\nlocal_enable\u003dYES\n#\n# Uncomment this to enable any form of FTP write command.\nwrite_enable\u003dYES\n#\n# Default umask for local users is 077. You may wish to change this to 022,\n# if your users expect that (022 is used by most other ftpd\u0027s)\n#local_umask\u003d022\n#\n# Uncomment this to allow the anonymous FTP user to upload files. This only\n# has an effect if the above global write enable is activated. Also, you will\n# obviously need to create a directory writable by the FTP user.\n#anon_upload_enable\u003dYES\n#\n# Uncomment this if you want the anonymous FTP user to be able to create\n# new directories.\n#anon_mkdir_write_enable\u003dYES\n#\n# Activate directory messages - messages given to remote users when they\n# go into a certain directory.\ndirmessage_enable\u003dYES\n#\n# Activate logging of uploads/downloads.\nxferlog_enable\u003dYES\n#\n# Make sure PORT transfer connections originate from port 20 (ftp-data).\nconnect_from_port_20\u003dYES\n#\n# If you want, you can arrange for uploaded anonymous files to be owned by\n# a different user. Note! Using \"root\" for uploaded files is not\n# recommended!\n#chown_uploads\u003dYES\n#chown_username\u003dwhoever\n#\n# You may override where the log file goes if you like. The default is shown\n# below.\n#xferlog_file\u003d/var/log/vsftpd.log\n#\n# If you want, you can have your log file in standard ftpd xferlog format.\n# Note that the default log file location is /var/log/xferlog in this case.\n#xferlog_std_format\u003dYES\n#\n# You may change the default value for timing out an idle session.\n#idle_session_timeout\u003d600\n#\n# You may change the default value for timing out a data connection.\n#data_connection_timeout\u003d120\n#\n# It is recommended that you define on your system a unique user which the\n# ftp server can use as a totally isolated and unprivileged user.\n#nopriv_user\u003dftpsecure\n#\n# Enable this and the server will recognise asynchronous ABOR requests. Not\n# recommended for security (the code is non-trivial). Not enabling it,\n# however, may confuse older FTP clients.\n#async_abor_enable\u003dYES\n#\n# By default the server will pretend to allow ASCII mode but in fact ignore\n# the request. Turn on the below options to have the server actually do ASCII\n# mangling on files when in ASCII mode.\n# Beware that on some FTP servers, ASCII support allows a denial of service\n# attack (DoS) via the command \"SIZE /big/file\" in ASCII mode. vsftpd\n# predicted this attack and has always been safe, reporting the size of the\n# raw file.\n# ASCII mangling is a horrible feature of the protocol.\nascii_upload_enable\u003dYES\nascii_download_enable\u003dYES\n#\n# You may fully customise the login banner string:\n#ftpd_banner\u003dWelcome to blah FTP service.\n#\n# You may specify a file of disallowed anonymous e-mail addresses. Apparently\n# useful for combatting certain DoS attacks.\n#deny_email_enable\u003dYES\n# (default follows)\n#banned_email_file\u003d/etc/vsftpd.banned_emails\n#\n# You may specify an explicit list of local users to chroot() to their home\n# directory. If chroot_local_user is YES, then this list becomes a list of\n# users to NOT chroot().\n# (Warning! chroot\u0027ing can be very dangerous. If using chroot, make sure that\n# the user does not have write access to the top level directory within the\n# chroot)\nchroot_local_user\u003dNO\nchroot_list_enable\u003dYES\n# (default follows)\nchroot_list_file\u003d/etc/vsftpd.chroot_list\n#\n# You may activate the \"-R\" option to the builtin ls. This is disabled by\n# default to avoid remote users being able to cause excessive I/O on large\n# sites. However, some broken FTP clients such as \"ncftp\" and \"mirror\" assume\n# the presence of the \"-R\" option, so there is a strong case for enabling it.\nls_recurse_enable\u003dYES\n#\n# When \"listen\" directive is enabled, vsftpd runs in standalone mode and\n# listens on IPv4 sockets. This directive cannot be used in conjunction\n# with the listen_ipv6 directive.\nlisten\u003dYES\n#\n# This directive enables listening on IPv6 sockets. To listen on IPv4 and IPv6\n# sockets, you must run two copies of vsftpd with two configuration files.\n# Make sure, that one of the listen options is commented !!\n#listen_ipv6\u003dYES\n\n# Set own PAM service name to detect authentication settings specified\n# for vsftpd by the system package.\npam_service_name\u003dvsftpd\n\n# add to the end : specify chroot directory\n# if not specified, users\u0027 home directory equals FTP home directory\n#local_root\u003d/media/Vault\n# turn off seccomp filter if cannot login normally\nseccomp_sandbox\u003dNO\nallow_writeable_chroot\u003dYES\nguest_enable\u003dYES\n# Imports different user profiles (/etc/user_conf/{coder,admin,matias,ftpuser}) with different directories\nuser_config_dir\u003d/etc/user_conf\n","pageTitle":"Update servers configuration","metaDescription":"","type":"Documentation","breadcrumbs":"","root":0,"depth":0}