{"objectID":"_home_servers.html#create_a_new_ftp_user_account","parent":"_home_servers.html#printers","pageViews":0,"url":"writerside-documentation/home-servers.html#create-a-new-ftp-user-account","mainTitle":"Home Servers","product":"","headings":"Home Servers,Create a new FTP user account","content":"sudo useradd -m ftpuser sudo passwd ftpuser\nDeleting ftp user account sudo userdel ftpuser sudo userdel -r ftpuser\nHide ftpuser from login screen sudo gedit /var/lib/AccountsService/users/ftpuser [User] Languages\u003den_US.UTF-8; Session\u003d Icon\u003d/home/ftpuser/.face SystemAccount\u003dtrue\n","pageTitle":"Create a new FTP user account","metaDescription":"","type":"Documentation","breadcrumbs":"","root":0,"depth":0}