{"objectID":"_home_servers.html#brother_dcp_1617nw","parent":"_home_servers.html#printers","pageViews":0,"url":"writerside-documentation/home-servers.html#brother-dcp-1617nw","mainTitle":"Home Servers","product":"","headings":"Home Servers,Brother DCP-1617NW","content":"Install the necessary packages and other dependencies:\nsudo pacman -S --needed cups manjaro-printer gtk2 sane lib32-glibc system-config-printer\nThen, install the Brother DCP-1617NW drivers:\nsudo pamac install brscan4 brother-dcp1610w brother-lpr-drivers-common\nAdd the printer to the system:\nsudo brsaneconfig4 -a name\u003dBrother model\u003d\"DCP-1617NW\" ip\u003d192.168.100.150\n","pageTitle":"Brother DCP-1617NW","metaDescription":"","type":"Documentation","breadcrumbs":"","root":0,"depth":0}