{"objectID":"_home_servers.html#fix_ulimit_and_set_security_settings","parent":"_home_servers.html#printers","pageViews":0,"url":"writerside-documentation/home-servers.html#fix-ulimit-and-set-security-settings","mainTitle":"Home Servers","product":"","headings":"Home Servers,Fix ulimit and set security settings","content":"sudo gedit /etc/systemd/system/plexmediaserver.service.d/restrict.conf\n[Service]\nReadOnlyPaths\u003d/\nReadWritePaths\u003d/var/lib/plex /tmp\nMemoryMax\u003d4G\n","pageTitle":"Fix ulimit and set security settings","metaDescription":"","type":"Documentation","breadcrumbs":"","root":0,"depth":0}