{"objectID":"_linux_kernel.html#adding_new_kernels","parent":"_linux_kernel.html#identifying_the_kernel_being_used","pageViews":0,"url":"writerside-documentation/linux-kernel.html#adding-new-kernels","mainTitle":"Linux Kernel","product":"","headings":"Linux Kernel,Adding New Kernels","content":"When listing a new kernel to be installed in the command, it is unnecessary to write the entire version number. For example, any version of Kernel 4.19 can be listed simply as linux419, and any version of Kernel 4.14 can be listed as linux414, and so on.\nThe optional rmc (remove current) component is of vital importance. Using this will result in your existing kernel being deleted upon the installation of the new kernel. Otherwise, if it is not used, then the existing kernel will be kept and will be selectable alongside the new kernel at the boot screen. It is recommended, especially if updating to the latest bleeding-edge kernel, to keep your old one, even if only for a short time afterward. This is the safer option, and the old kernel can be easily removed when satisfied with the stability and functionality of the new one.\nAs an example, once the terminal is opened, the following command will install a new kernel (6.6) without deleting the existing kernel currently being used:\nsudo mhwd-kernel -i linux66\nOtherwise, the following command will install a new kernel (6.9) to replace the existing kernel, which will be deleted:\nsudo mhwd-kernel -i linux69 rmc\nEither way, Manjaro will automatically configure the new kernel for you, ready for immediate use. Once completed, close the terminal and re-boot the system for the change to take effect.\n","pageTitle":"Adding New Kernels","metaDescription":"","type":"Documentation","breadcrumbs":"","root":0,"depth":0}