{"objectID":"_linux_kernel.html#removing_kernels","parent":"_linux_kernel.html#identifying_the_kernel_being_used","pageViews":0,"url":"writerside-documentation/linux-kernel.html#removing-kernels","mainTitle":"Linux Kernel","product":"","headings":"Linux Kernel,Removing Kernels","content":"Where multiple kernels are present on your system, pacman can be used to remove them in the terminal. It may be necessary to delete a total of three elements of the kernel in total to completely remove it:\n- The kernel itself - The kernel\u0027s headers - The kernel\u0027s extra modules Whether the headers and extra modules must be deleted depends on whether they have been installed.\n2. To remove a kernel, use the following syntax: sudo mhwd-kernel -r linux[version]\nHere is an example of removing kernel 5.0.17–1\nsudo mhwd-kernel -r linux50\n2. To delete a kernel’s headers, the syntax is: sudo pacman -R linux[version]-headers\nFor example, to delete the headers of kernel version 5.0.x from the system, the following command would be entered:\nsudo pacman -R linux50-headers\n2. To delete a kernel’s extra modules, the syntax is: sudo pacman -R linux[version]-extramodules\nFor example, to delete the extra modules of kernel version 5.0.x from the system, the following command would be entered:\nsudo pacman -R linux50-extramodules\n2. To delete all elements of a kernel at the same time, where they are all present on your system, the syntax is: sudo pacman -R linux[version] linux[version]-headers linux[version]-extramodules\nFor example, to completely remove all elements of kernel version 5.0.x, the following command would be entered:\nsudo pacman -R linux50 linux50-headers linux50-extramodules\nPlease note, however, that attempting to delete multiple elements at once if they are not present on your system will result in an error message before the operation itself is aborted. It is also valuable noting if Manjaro is being run in a virtual machine (e.g., Oracle Virtualbox), you may not be able to delete certain kernels if they contain elements important to the virtualization process itself.\n","pageTitle":"Removing Kernels","metaDescription":"","type":"Documentation","breadcrumbs":"","root":0,"depth":0}