{"objectID":"_linux_kernel.html#identifying_the_kernel_being_used","parent":"_linux_kernel.html#identifying_the_kernel_being_used","pageViews":0,"url":"writerside-documentation/linux-kernel.html#identifying-the-kernel-being-used","mainTitle":"Linux Kernel","product":"","headings":"Linux Kernel,Identifying the Kernel being used","content":"This terminal command will give your system’s kernel information:\n❯ mhwd-kernel -li\nCurrently running: 6.6.40-1-MANJARO (linux66)\nThe following kernels are installed in your system:\n* linux66\nAs seen in the above example, Manjaro is running kernel 6.6.40-1-MANJARO. The information given here is not arbitrary; each part of the kernel name identifies something about that kernel:\n- The 6 indicates the version - The 6 indicates the major revision - The 40 indicates the minor revision - The 1 indicates the revision of the Manjaro package - MANJARO indicates the specific distribution it is used for ","pageTitle":"Identifying the Kernel being used","metaDescription":"","type":"Documentation","breadcrumbs":"","root":0,"depth":0}