{"objectID":"_linux_kernel.html#linux_kernel.md","parent":"_linux_kernel.html#identifying_the_kernel_being_used","pageViews":0,"url":"writerside-documentation/linux-kernel.html#linux-kernel.md","mainTitle":"Linux Kernel","product":"","headings":"Linux Kernel","content":"The Linux kernel is the core of the operating system. It is responsible for managing hardware resources, running processes, and providing essential services to applications. The kernel is the first piece of software that runs when the system is booted and is responsible for initializing the hardware and starting the rest of the operating system.\n","pageTitle":"Linux Kernel","metaDescription":"","type":"Documentation","breadcrumbs":"","root":0,"depth":0}