{"objectID":"_network.html#ufw_rules","parent":"_network.html#dns","pageViews":0,"url":"writerside-documentation/network.html#ufw-rules","mainTitle":"Network Settings","product":"","headings":"Network Settings,UFW Rules","content":"sudo ufw default deny incoming\nsudo ufw default allow outgoing\nsudo ufw allow http\nsudo ufw allow https\nsudo ufw allow log ssh\nsudo ufw allow out log ssh\nsudo ufw allow log ftp\nsudo ufw allow out log ftp\nsudo ufw allow log CIFS\n","pageTitle":"UFW Rules","metaDescription":"","type":"Documentation","breadcrumbs":"","root":0,"depth":0}