{"objectID":"_network.html#dns","parent":"_network.html#dns","pageViews":0,"url":"writerside-documentation/network.html#dns","mainTitle":"Network Settings","product":"","headings":"Network Settings,DNS","content":"DNS (Domain Name System) is a system that translates domain names to IP addresses. DNS servers are used to resolve domain names to IP addresses. The DNS server is responsible for resolving domain names to IP addresses. The DNS server is responsible for resolving domain names to IP addresses.\n","pageTitle":"DNS","metaDescription":"","type":"Documentation","breadcrumbs":"","root":0,"depth":0}