{"objectID":"_network.html#samba","parent":"_network.html#dns","pageViews":0,"url":"writerside-documentation/network.html#samba","mainTitle":"Network Settings","product":"","headings":"Network Settings,Samba","content":"sudo vim /etc/ufw/applications.d/samba\n[Samba]\ntitle\u003dLanManager-like file and printer server for Unix\ndescription\u003dThe Samba software suite is a collection of programs that implements the SMB/CIFS protocol for unix systems, allowing you to serve files and printers to Windows, NT, OS/2 and DOS clients. This protocol is sometimes also referred to as the LanManager or NetBIOS protocol.\nports\u003d137,138/udp|139,445/tcp\nsudo ufw app update samba\nsudo ufw allow log samba\n","pageTitle":"Samba","metaDescription":"","type":"Documentation","breadcrumbs":"","root":0,"depth":0}