{"objectID":"_network.html#for_steam","parent":"_network.html#dns","pageViews":0,"url":"writerside-documentation/network.html#for-steam","mainTitle":"Network Settings","product":"","headings":"Network Settings,For Steam","content":"sudo ufw allow 27000:27100/udp\nsudo ufw allow 27031:27036/udp\nsudo ufw allow 27036:27037/tcp\nsudo ufw allow 4380/udp\nsudo ufw allow 3478/udp\nsudo ufw allow 4379/udp\nsudo ufw allow 27014:27030/udp\nsudo ufw allow 27015/tcp\nsudo ufw allow 27015/udp\n","pageTitle":"For Steam","metaDescription":"","type":"Documentation","breadcrumbs":"","root":0,"depth":0}