{"objectID":"_network.html#firewall_ufw","parent":"_network.html#dns","pageViews":0,"url":"writerside-documentation/network.html#firewall-ufw","mainTitle":"Network Settings","product":"","headings":"Network Settings,FIREWALL UFW","content":"UFW is a firewall configuration tool for iptables. UFW is a user-friendly way to create an IPv4 or IPv6 host-based firewall. By default, UFW is disabled.\n","pageTitle":"FIREWALL UFW","metaDescription":"","type":"Documentation","breadcrumbs":"","root":0,"depth":0}