{"objectID":"_network.html#plex_media_server","parent":"_network.html#dns","pageViews":0,"url":"writerside-documentation/network.html#plex-media-server","mainTitle":"Network Settings","product":"","headings":"Network Settings,Plex Media Server","content":"sudo vim /etc/ufw/applications.d/plexmediaserver\n[plexmediaserver]\ntitle\u003dPlex Media Server (Standard)\ndescription\u003dThe Plex Media Server\nports\u003d32400/tcp|3005/tcp|5353/udp|8324/tcp|32410:32414/udp\n\n[plexmediaserver-dlna]\ntitle\u003dPlex Media Server (DLNA)\ndescription\u003dThe Plex Media Server (additional DLNA capability only)\nports\u003d1900/udp|32469/tcp\n\n[plexmediaserver-all]\ntitle\u003dPlex Media Server (Standard + DLNA)\ndescription\u003dThe Plex Media Server (with additional DLNA capability)\nports\u003d32400/tcp|3005/tcp|5353/udp|8324/tcp|32410:32414/udp|1900/udp|32469/tcp\nsudo ufw app update plexmediaserver\nsudo ufw allow plexmediaserver-all\nsudo ufw reload\n","pageTitle":"Plex Media Server","metaDescription":"","type":"Documentation","breadcrumbs":"","root":0,"depth":0}