{"objectID":"_references.html#waydroid","parent":"_references.html#links_gathered_from_the_internet","pageViews":0,"url":"writerside-documentation/references.html#waydroid","mainTitle":"References","product":"","headings":"References,Waydroid","content":"- Waydroid - Waydroid ArchLinux Wiki - Device is not Play Protect certified - Device is not Play Protect certified - Android device uncertified ","pageTitle":"Waydroid","metaDescription":"","type":"Documentation","breadcrumbs":"","root":0,"depth":0}