{"objectID":"_references.html#zsh_plugins","parent":"_references.html#links_gathered_from_the_internet","pageViews":0,"url":"writerside-documentation/references.html#zsh-plugins","mainTitle":"References","product":"","headings":"References,ZSH Plugins","content":"- Oh-My-Zsh Plugin Manager - LSD (LSDeluxe) - Zsh-autosuggestions - Zsh-syntax-highlighting - FZF - Command-line Fuzzy Finder - Zsh-interactive-cd ","pageTitle":"ZSH Plugins","metaDescription":"","type":"Documentation","breadcrumbs":"","root":0,"depth":0}