{"objectID":"_setup_system.html#5_install_the_os","parent":"_setup_system.html#get_the_list_of_installed_packages","pageViews":0,"url":"writerside-documentation/setup-system.html#5-install-the-os","mainTitle":"Setting your system up","product":"","headings":"Setting your system up,5 – Install the OS","content":"Note\nA recommended Firmware setting is to turn off TPM, depending on your device, disabling Secure Boot might be also needed.\nIn this example, I will install Manjaro Linux. Install the OS in a thumb drive and boot up from it. The next screen capture shows the welcome screen. If your device has AMD processors, select the Open Source Drivers option. But if your device has Intel/Nvidia processors, select the Proprietary Drivers option.\nManjaro Welcome Once the OS is loaded, you will see the following screen. Click on Manjaro Linux Installer and select the OS language.\nManjaro DesktopManjaro Linux Installer Select your region and encoding:\nSelect Region Select your keyboard layout, default settings are usually fine:\nSelect Keyboard Now, select the Manual Partitioning option. Here, we’ll assign the partitions we created earlier with GParted a mount point, a flag, and a file system by clicking on the Edit button.\nManual PartitioningMount Point Warning\nAdministrator Account is the root user. The most powerful account in your system, you should be very careful with it. Pick a strong password and keep it safe.\nOnly tick the option \u0026quot;User the same password for administrator account\u0026quot; if you know what you are doing, and you are aware of the risks that come with it.\nIt is highly recommended to create a user account. Fill in the form with the information required. From top to bottom, in the first field you should type your Full Name, in the second field you type your Username, in the third field you type your Computer Name, and in the last two fields you have to type your Password.\nCreate User Account Select the Office Suite you want to install. In this example, I selected LibreOffice.\nPick Office Suite Review the installation summary, make sure everything is the way you want it to be, and click on Install.\nSummary Confirm the installation by clicking on Install Now.\nConfirm Installation The installation process will start. It will take some time, so be patient. Once it is done, you can reboot and remove the thumb drive.\nInstalling Manjaro Congratulations! You have successfully installed Manjaro Linux.\n","pageTitle":"5 – Install the OS","metaDescription":"","type":"Documentation","breadcrumbs":"","root":0,"depth":0}