{"objectID":"_setup_system.html#get_the_list_of_installed_packages","parent":"_setup_system.html#get_the_list_of_installed_packages","pageViews":0,"url":"writerside-documentation/setup-system.html#get-the-list-of-installed-packages","mainTitle":"Setting your system up","product":"","headings":"Setting your system up,Get the list of installed packages","content":"From the official repository:\npacman -Qqen \u0026gt; ~/pkglist\nFrom Arch User Repository (AUR)\npacman -Qqem \u0026gt; ~/aur-pkglist\n","pageTitle":"Get the list of installed packages","metaDescription":"","type":"Documentation","breadcrumbs":"","root":0,"depth":0}