{"objectID":"_setup_manjaro.html#mount_partitions","parent":"_setup_manjaro.html#setup_nautilus_columns","pageViews":0,"url":"writerside-documentation/setup-manjaro.html#mount-partitions","mainTitle":"Setting up Manjaro","product":"","headings":"Setting up Manjaro,Mount partitions","content":"This section is about mounting partitions in the /etc/fstab file. An alternative is to use the Disks application, especially if they weren\u0027t included during the OS installation process.\nFirst, we need to identify the partitions we want to mount. Use the lsblk command to list all the block devices:\nlsblk\nThen we will use the blkid command to get the UUID of the partition:\nsudo blkid\nNow we can edit the /etc/fstab file:\nsudo vim /etc/fstab\nNote\nIn the last line of the \u0027/etc/fstab\u0027 file, I am mounting a shared folder from another Linux system in my network.\nThis is an example of how to add a partition to the /etc/fstab file:\n# /etc/fstab: static file system information.\n#\n# Use \u0027blkid\u0027 to print the universally unique identifier for a\n# device; this may be used with UUID\u003d as a more robust way to name devices\n# that works even if disks are added and removed. See fstab(5).\n#\n# systemd generates mount units based on this file, see systemd.mount(5).\n# Please run \u0027systemctl daemon-reload\u0027 after making changes here.\n#\n# \u0026lt;file system\u0026gt; \u0026lt;mount point\u0026gt;   \u0026lt;type\u0026gt;  \u0026lt;options\u0026gt;       \u0026lt;dump\u0026gt;  \u0026lt;pass\u0026gt;\n# / was on /dev/nvme0n1p3 during installation\nUUID\u003d2a1db98a-de36-4491-b799-e7fd9607498a /               ext4    errors\u003dremount-ro 0       1\n# /boot/efi was on /dev/nvme0n1p1 during installation\nUUID\u003d5F4A-0896  /boot/efi       vfat    umask\u003d0077      0       1\n# /home was on /dev/nvme0n1p4 during installation\nUUID\u003d66afd3f0-a5da-4c6e-a30d-f3f20fa02e83 /home           ext4    defaults        0       2\n# swap was on /dev/nvme0n1p2 during installation\nUUID\u003df7958b58-76ef-4824-9b3f-7c2131390585 none            swap    sw              0       0\n\n#\n# LVM\n# Media_VG\n# MediaCenter with UUID\u003d\"daf6302c-dd08-4e2e-a7f1-24a9511bbf93\"\nUUID\u003d\"daf6302c-dd08-4e2e-a7f1-24a9511bbf93\"\t/media/MediaCenter\text4\tdefaults\t0\t0\n# VMs with UUID\u003d\"a28a5163-da8c-4791-843d-5f5fced9b4db\"\nUUID\u003d\"a28a5163-da8c-4791-843d-5f5fced9b4db\"\t/media/VMs\text4\tdefaults\t0\t0\n#\n#Standard Partitions\n# Games with UUID\u003d\"a90d6e24-6af9-4b14-937e-b359614fb787\"\nUUID\u003d\"a90d6e24-6af9-4b14-937e-b359614fb787\"\t/media/Games\text4\tdefaults\t0\t0\n# Vault with UUID\u003d\"a9be72c3-3142-43f8-a419-ca6b2ff52c0f\"\n/dev/sdc1\t/media/Vault\text4\tdefaults\t0\t0\n# Work with UUID\u003d\"5e255cc3-1733-45e0-a709-a0174a417f6b\"\n/dev/sdd1\t/media/Work\text4\tdefaults\t0\t0\n# Dell Shared-Folder\n\\\\192.168.100.100\\SharedFolder  /media/Dell  cifs  credentials\u003d/etc/win-credentials,uid\u003d1001,gid\u003d1001,dir_mode\u003d0774,file_mode\u003d0774 0       0\n","pageTitle":"Mount partitions","metaDescription":"","type":"Documentation","breadcrumbs":"","root":0,"depth":0}