{"objectID":"_setup_system.html#1_boot_up_from_the_usb_live_distro","parent":"_setup_system.html#get_the_list_of_installed_packages","pageViews":0,"url":"writerside-documentation/setup-system.html#1-boot-up-from-the-usb-live-distro","mainTitle":"Setting your system up","product":"","headings":"Setting your system up,1 – Boot up from the USB Live distro","content":"Note\nDepending on the firmware installed in your system, you will see different boot menus. If your system has BIOS, on boot up, you will see the following screen. If your system has UEFI installed, the welcome menu will look very similar only prettier.\nSelect the option with default settings if your RAM capacity is enough to load the OS, otherwise, select the option with the lowest RAM requirements:\nParted Magic GRUB After a few minutes loading the OS to the RAM, you will see the following screen:\nParted Magic Desktop ","pageTitle":"1 – Boot up from the USB Live distro","metaDescription":"","type":"Documentation","breadcrumbs":"","root":0,"depth":0}