{"objectID":"_setup_system.html#4_format_your_drives","parent":"_setup_system.html#get_the_list_of_installed_packages","pageViews":0,"url":"writerside-documentation/setup-system.html#4-format-your-drives","mainTitle":"Setting your system up","product":"","headings":"Setting your system up,4 – Format your drives","content":"Once the partition table is created, and you have a well-defined partition scheme, you can start creating the partitions you need. In this example, I will create a new partition for the OS by right-clicking on the unallocated space and selecting New.\nCreate a new Partition Fill the form with the information you need. You will have to set a value for New Size (MiB), then give it a Partition Name, select a File System, give it a Label and finally, click on Add.\nFill form ","pageTitle":"4 – Format your drives","metaDescription":"","type":"Documentation","breadcrumbs":"","root":0,"depth":0}