{"objectID":"_setup_manjaro.html#change_users_main_group","parent":"_setup_manjaro.html#setup_nautilus_columns","pageViews":0,"url":"writerside-documentation/setup-manjaro.html#change-users-main-group","mainTitle":"Setting up Manjaro","product":"","headings":"Setting up Manjaro,Change users main group","content":"To keep my accounts organized, I change the main group of the users to the dev group.\nsudo usermod -g dev coder\nsudo usermod -g dev matias\nsudo usermod -g dev admin\n","pageTitle":"Change users main group","metaDescription":"","type":"Documentation","breadcrumbs":"","root":0,"depth":0}