{"objectID":"_setup_manjaro.html#add_user_to_groups","parent":"_setup_manjaro.html#setup_nautilus_columns","pageViews":0,"url":"writerside-documentation/setup-manjaro.html#add-user-to-groups","mainTitle":"Setting up Manjaro","product":"","headings":"Setting up Manjaro,Add user to groups","content":"Adapt the following example to your needs.\nsudo usermod -aG sudo,dev,matias,coder,admin,audio,input,lp,storage,users,network,power,realtime coder\nsudo usermod -aG sudo,dev,matias,coder,admin,audio,input,lp,storage,users,network,power,realtime matias\nsudo usermod -aG sudo,dev,matias,coder,admin,audio,input,lp,storage,users,network,power,realtime admin\n","pageTitle":"Add user to groups","metaDescription":"","type":"Documentation","breadcrumbs":"","root":0,"depth":0}