{"objectID":"_setup_system.html#3_create_a_partitioning_scheme","parent":"_setup_system.html#get_the_list_of_installed_packages","pageViews":0,"url":"writerside-documentation/setup-system.html#3-create-a-partitioning-scheme","mainTitle":"Setting your system up","product":"","headings":"Setting your system up,3 – Create a partitioning scheme","content":"It is important to have a clear idea of what you want to do with your drives. For instance:\nPartition Label Size File System Flags Mount Point\nBoot 512MB fat32 esp, boot, /boot/efi /boot/efi\nSwap 16GB linuxswap swap\nRoot 100GB ext4 root /\nHome 100GB ext4 /home\nWork 100GB ext4 /media/Work\nGames 100GB ext4 /media/Games\n","pageTitle":"3 – Create a partitioning scheme","metaDescription":"","type":"Documentation","breadcrumbs":"","root":0,"depth":0}