{"objectID":"_setup_system.html#2_open_partition_editor_aka_gparted","parent":"_setup_system.html#get_the_list_of_installed_packages","pageViews":0,"url":"writerside-documentation/setup-system.html#2-open-partition-editor-aka-gparted","mainTitle":"Setting your system up","product":"","headings":"Setting your system up,2 – Open Partition Editor (aka GParted)","content":"Gparted is a graphical partition editor that allows you to create, delete, resize, move, check and copy partitions, and the file systems on them. Our next step is to open GParted and create a new partition table. If your system has a BIOS, select msdos. If your system has UEFI, select gpt.\nCreate a new Partition TableSelect the type of Partition Table ","pageTitle":"2 – Open Partition Editor (aka GParted)","metaDescription":"","type":"Documentation","breadcrumbs":"","root":0,"depth":0}