{"objectID":"_setup_manjaro.html#system_environment_variables","parent":"_setup_manjaro.html#setup_nautilus_columns","pageViews":0,"url":"writerside-documentation/setup-manjaro.html#system-environment-variables","mainTitle":"Setting up Manjaro","product":"","headings":"Setting up Manjaro,System Environment Variables","content":"Adapt the following example to your needs and add it to the /etc/environment file.\nsudo vim /etc/environment\n#\n# This file is parsed by pam_env module\n#\n# Syntax: simple \"KEY\u003dVAL\" pairs on separate lines\n#\n# Manjaro defaults are now in /etc/profile.d/\n#\n\nEDITOR\u003d/usr/bin/vim\n\n# https://doc.qt.io/qt-5/highdpi.html#high-dpi-support-in-qt\nQT_AUTO_SCREEN_SCALE_FACTOR\u003d1\n\n# To use QGnomePlaform with AdwaitaQt style, comment out the following keys:\n\n# Available options: gtk2, gnome, kde, qt5ct, xcb\n\n# Note: Don\u0027t use in combination with QT_STYLE_OVERRIDE\nQT_QPA_PLATFORMTHEME\u003d\"qt5ct\"\n\n# Available styles: HighContrastInverse, HighContrast, Adwaita-HighContrastInverse,\n# Adwaita-HighContrast, Adwaita-Dark, Adwaita, kvantum-dark, kvantum, qt5ct-style,\n# Windows, Fusion\n\n# Note: Don\u0027t use in combination with QT_QPA_PLATFORMTHEME\n#QT_STYLE_OVERRIDE\u003d\"\"\n\n## JAVA\nJAVA_HOME\u003d/usr/lib/jvm/jdk1.8.0_411\nJRE_HOME\u003d/usr/lib/jvm/jdk1.8.0_411/jre\nJAVAFX\u003d/opt/javafx/jdk-17.0.11\n\n## MAVEN\nMAVEN_HOME\u003d/opt/apache-maven-3.9.8\nM2_HOME\u003d$HOME/.m2/wrapper/dists/\n\n## GRADLE\nGRADLE_HOME\u003d/opt/gradle-8.8\n\n## TOMCAT\nCATALINA_HOME\u003d/opt/apache-tomcat-9.0.80\nCATALINA_BASE\u003d/opt/apache-tomcat-9.0.80\n\n## GO\nGOPATH\u003d/opt/go\nGOROOT\u003d/opt/go\n\n## PYTHON\nVIRTUALENVWRAPPER_PYTHON\u003d/usr/bin/python\n\n## ORACLE DB\nORACLE_HOME\u003d/opt/oracle\nLD_LIBRARY_PATH\u003d$ORACLE_HOME/instantclient\n\n## CITRIX\nICAROOT\u003d/opt/Citrix/ICAClient\n\n## VSCODE\nVSCODE_HOME\u003d/opt/vscode/vscode_cli\n\n## NODE\nNODE_HOME\u003d$HOME/.config/nvm/versions/node/v18.20.3\n\n## ROCM\nROCM_PATH\u003d/opt/rocm\n\n## SYSTEM\nCGO_ENABLED\u003d0\nRADV_PERFTEST\u003daco\n\nPATH\u003d/usr/local/sbin:/usr/local/bin:/usr/bin:/usr/sbin:/sbin:/bin:/usr/games:/usr/local/games:/snap/bin:/usr/local/mysql/bin:$JAVA_HOME/bin:$JRE_HOME/bin:$JAVAFX/lib:$JAVAFX/jmods:$JAVAFX/javadoc:$MAVEN_HOME/bin:$M2_HOME/bin:$GRADLE_HOME/bin:$ORACLE_HOME:$ORACLE_HOME/sqldeveloper:$ORACLE_HOME/sqldeveloper/sqldeveloper/bin:$LD_LIBRARY_PATH:$CATALINA_BASE:$CATALINA_HOME/bin:$GOPATH/bin:$GOROOT/bin:$VIRTUALENVWRAPPER_PYTHON:$ICAROOT:$VSCODE_HOME:$NODE_HOME/bin\n","pageTitle":"System Environment Variables","metaDescription":"","type":"Documentation","breadcrumbs":"","root":0,"depth":0}