{"objectID":"_setup_manjaro.html#set_system_wide_permissions","parent":"_setup_manjaro.html#setup_nautilus_columns","pageViews":0,"url":"writerside-documentation/setup-manjaro.html#set-system-wide-permissions","mainTitle":"Setting up Manjaro","product":"","headings":"Setting up Manjaro,Set system-wide permissions","content":"Warning\nBe careful when editing the sudoers file. Incorrect syntax can lock you out of your system. Always use the visudo command to edit the sudoers file. This command checks the syntax of the file before saving it.\nNote\nIf visudo does not open with the desired text editor, look for this line in /etc/sudoers and comment it out:\nDefaults!/usr/bin/visudo env_keep +\u003d \"SUDO_EDITOR EDITOR VISUAL\"\nA less permanent way to fix this is to run the following command:\nsudo EDITOR\u003d/usr/bin/vim visudo -f /etc/sudoers.d/sudoers\nThis is my sudoers file, it is not ideal, but it suits my needs. Do not copy it blindly and adapt it to your needs.\nsudo visudo -f /etc/sudoers.d/sudoers\n## sudoers file.\n##\n## This file MUST be edited with the \u0027visudo\u0027 command as root.\n## Failure to use \u0027visudo\u0027 may result in syntax or file permission errors\n## that prevent sudo from running.\n##\n## See the sudoers man page for the details on how to write a sudoers file.\n##\n\n##\n## Host alias specification\n##\n## Groups of machines. These may include host names (optionally with wildcards),\n## IP addresses, network numbers or netgroups.\n# Host_Alias\tWEBSERVERS \u003d www1, www2, www3\n\n##\n## User alias specification\n##\n## Groups of users.  These may consist of user names, uids, Unix groups,\n## or netgroups.\n# User_Alias\tADMINS \u003d millert, dowdy, mikef\n\n##\n## Cmnd alias specification\n##\n## Groups of commands.  Often used to group related commands together.\n# Cmnd_Alias\tPROCESSES \u003d /usr/bin/nice, /bin/kill, /usr/bin/renice, \\\n# \t\t\t    /usr/bin/pkill, /usr/bin/top\n#\n# Cmnd_Alias\tREBOOT \u003d /sbin/halt, /sbin/reboot, /sbin/poweroff\n#\n# Cmnd_Alias\tDEBUGGERS \u003d /usr/bin/gdb, /usr/bin/lldb, /usr/bin/strace, \\\n# \t\t\t    /usr/bin/truss, /usr/bin/bpftrace, \\\n# \t\t\t    /usr/bin/dtrace, /usr/bin/dtruss\n#\n# Cmnd_Alias\tPKGMAN \u003d /usr/bin/apt, /usr/bin/dpkg, /usr/bin/rpm, \\\n# \t\t\t /usr/bin/yum, /usr/bin/dnf,  /usr/bin/zypper, \\\n# \t\t\t /usr/bin/pacman\n\n##\n## Defaults specification\n##\n## Preserve editor environment variables for visudo.\n## To preserve these for all commands, remove the \"!visudo\" qualifier.\n## Defaults!/usr/bin/visudo env_keep +\u003d \"SUDO_EDITOR EDITOR VISUAL\"\n##\n## Use a hard-coded PATH instead of the user\u0027s to find commands.\n## This also helps prevent poorly written scripts from running\n## artbitrary commands under sudo.\nDefaults secure_path\u003d\"/usr/local/sbin:/usr/local/bin:/usr/bin\"\n##\n## You may wish to keep some of the following environment variables\n## when running commands via sudo.\n##\n## Locale settings\n# Defaults env_keep +\u003d \"LANG LANGUAGE LINGUAS LC_* _XKB_CHARSET\"\n##\n## Run X applications through sudo; HOME is used to find the\n## .Xauthority file.  Note that other programs use HOME to find   \n## configuration files and this may lead to privilege escalation!\n# Defaults env_keep +\u003d \"HOME\"\n##\n## X11 resource path settings\n# Defaults env_keep +\u003d \"XAPPLRESDIR XFILESEARCHPATH XUSERFILESEARCHPATH\"\n##\n## Desktop path settings\n# Defaults env_keep +\u003d \"QTDIR KDEDIR\"\n##\n## Allow sudo-run commands to inherit the callers\u0027 ConsoleKit session\n# Defaults env_keep +\u003d \"XDG_SESSION_COOKIE\"\n##\n## Uncomment to enable special input methods.  Care should be taken as\n## this may allow users to subvert the command being run via sudo.\n# Defaults env_keep +\u003d \"XMODIFIERS GTK_IM_MODULE QT_IM_MODULE QT_IM_SWITCHER\"\n##\n## Uncomment to restore the historic behavior where a command is run in\n## the user\u0027s own terminal.\n# Defaults !use_pty\n##\n## Uncomment to send mail if the user does not enter the correct password.\n# Defaults mail_badpass\n##\n## Uncomment to enable logging of a command\u0027s output, except for\n## sudoreplay and reboot.  Use sudoreplay to play back logged sessions.\n## Sudo will create up to 2,176,782,336 I/O logs before recycling them.\n## Set maxseq to a smaller number if you don\u0027t have unlimited disk space.\n# Defaults log_output\n# Defaults!/usr/bin/sudoreplay !log_output\n# Defaults!/usr/local/bin/sudoreplay !log_output\n# Defaults!REBOOT !log_output\n# Defaults maxseq \u003d 1000\n##\n## Uncomment to disable intercept and log_subcmds for debuggers and\n## tracers.  Otherwise, anything that uses ptrace(2) will be unable\n## to run under sudo if intercept_type is set to \"trace\".\n# Defaults!DEBUGGERS !intercept, !log_subcmds\n##\n## Uncomment to disable intercept and log_subcmds for package managers.\n## Some package scripts run a huge number of commands, which is made\n## slower by these options and also can clutter up the logs.\n# Defaults!PKGMAN !intercept, !log_subcmds\n\n##\n## Runas alias specification\n##\n\n##\n## User privilege specification\n##\nroot ALL\u003d(ALL:ALL) ALL\n\n## Uncomment to allow members of group wheel to execute any command\n# %wheel ALL\u003d(ALL:ALL) ALL\n\n## Same thing without a password\n# %wheel ALL\u003d(ALL:ALL) NOPASSWD: ALL\n\n## Uncomment to allow members of group sudo to execute any command\n# %sudo\tALL\u003d(ALL:ALL) ALL\n%sudo\tALL\u003d(ALL:ALL) ALL\n%dev\tALL\u003d(ALL:ALL) ALL\n\n## Uncomment to allow any user to run sudo if they know the password\n## of the user they are running the command as (root by default).\n# Defaults targetpw  # Ask for the password of the target user\n# ALL ALL\u003d(ALL:ALL) ALL  # WARNING: only use this together with \u0027Defaults targetpw\u0027\n\n## Read drop-in files from /etc/sudoers.d\n# @includedir /etc/sudoers.d\nadmin ALL\u003d(ALL:ALL) NOPASSWD: ALL\nmatias ALL\u003d(ALL:ALL) ALL\ncoder ALL\u003d(ALL:ALL) ALL\n","pageTitle":"Set system-wide permissions","metaDescription":"","type":"Documentation","breadcrumbs":"","root":0,"depth":0}