{"objectID":"_setup_system.html#boot_up_from_a_usb_live_distro","parent":"_setup_system.html#get_the_list_of_installed_packages","pageViews":0,"url":"writerside-documentation/setup-system.html#boot-up-from-a-usb-live-distro","mainTitle":"Setting your system up","product":"","headings":"Setting your system up,Boot up from a USB Live distro","content":"Advise\nUse live distros to check your system and setup your HDDs and/or SSDs. The one I recommend is Parted Magic.\nOnce you are ready to start formatting your drives, you can use the following steps:\n","pageTitle":"Boot up from a USB Live distro","metaDescription":"","type":"Documentation","breadcrumbs":"","root":0,"depth":0}