{"objectID":"_setup_manjaro.html#setup_nautilus_columns","parent":"_setup_manjaro.html#setup_nautilus_columns","pageViews":0,"url":"writerside-documentation/setup-manjaro.html#setup-nautilus-columns","mainTitle":"Setting up Manjaro","product":"","headings":"Setting up Manjaro,Setup Nautilus columns","content":"Under /org/gnome/nautilus/list-view/default-visible-columns add as custom value:\n[\u0027name\u0027, \u0027size\u0027, \u0027owner\u0027, \u0027group\u0027, \u0027permissions\u0027, \u0027date_modified\u0027, \u0027detailed_type\u0027, \u0027starred\u0027]\nUnder /org/gnome/nautilus/list-view/default-column-order add as custom value:\n[\u0027name\u0027, \u0027size\u0027, \u0027owner\u0027, \u0027group\u0027, \u0027permissions\u0027, \u0027date_modified_with_time\u0027, \u0027date_accessed\u0027, \u0027date_created\u0027, \u0027recency\u0027, \u0027type\u0027, \u0027mime_type\u0027, \u0027where\u0027, \u0027date_modified\u0027, \u0027starred\u0027]\n","pageTitle":"Setup Nautilus columns","metaDescription":"","type":"Documentation","breadcrumbs":"","root":0,"depth":0}