{"objectID":"_setup_system.html#partitions_criteria","parent":"_setup_system.html#get_the_list_of_installed_packages","pageViews":0,"url":"writerside-documentation/setup-system.html#partitions-criteria","mainTitle":"Setting your system up","product":"","headings":"Setting your system up,Partitions Criteria","content":"Having a separate partition for /boot/efi, /swap, /root, and /home is be a good idea. This way if you need to reinstall the OS, you can keep your data safe.\n- Boot: This partition is used to store the bootloader and the kernel. In most scenarios, a 512 MB partition is enough.\n- Swap: This partition is used to store the data that is not being used by the system. Different people have a different opinion on ideal swap size. Even the major Linux distributions don’t have the same swap size guideline.\nIf you go by Red Hat’s suggestion, they recommend a swap size of 20% of RAM for modern systems (i.e., 4 GB or higher RAM).\nCentOS has a different recommendation for the swap partition size. It suggests swap size to be:\n- Twice the size of RAM if RAM is less than 2 GB. - Size of RAM + 2 GB if RAM size is more than 2 GB i.e., 5 GB of swap for 3 GB of RAM. Ubuntu has an entirely different perspective on the swap size as it takes hibernation into consideration. If you need hibernation, a swap of the size of RAM becomes necessary. Otherwise, it recommends:\n- If RAM is less than 1 GB, swap size should be at least the size of RAM and at most double the size of RAM. - If RAM is more than 1 GB, swap size should be at least equal to the square root of the RAM size and at most double the size of RAM. - If hibernation is used, swap size should be equal to the size of RAM plus the square root of the RAM size. Ubuntu’s recommendation is the most practical one as it takes hibernation into consideration. Here is a table that shows the recommended swap size for different RAM sizes:\nRAM Size Swap Size (Without Hibernation) Swap size (With Hibernation)\n256MB 256MB 512MB\n512MB 512MB 1GB\n1GB 1GB 2GB\n2GB 1GB 3GB\n3GB 2GB 5GB\n4GB 2GB 6GB\n6GB 2GB 8GB\n8GB 3GB 11GB\n12GB 3GB 15GB\n16GB 4GB 20GB\n24GB 5GB 29GB\n32GB 6GB 38GB\n64GB 8GB 72GB\n128GB 11GB 139GB\nIn my case I decided to follow the golden rule, my RAM is 32 GB, so I created a Swap Partition of 64 GB.\n- Root: This partition is used to store the OS. For most users having a partition of 60 GB is enough, but if you have a lot of software installed, you may need more space. In my case, my root partition is 120 GB.\n- Home: This partition is used to store your personal data. For most users having a partition of 40 GB is enough, but if you have a lot of personal data, you may need more space. In my case, my home partition is 200 GB.\n- Any Other Partition: Other partitions can be mounted in /media or /mnt. In my case, I created a partition for my work, games, and more. There are no restrictions on the size of these partitions.\n","pageTitle":"Partitions Criteria","metaDescription":"","type":"Documentation","breadcrumbs":"","root":0,"depth":0}