{"objectID":"_solutions_archive.html#then_lock_the_account_to_prevent_logging_in","parent":"_solutions_archive.html#manjaro","pageViews":0,"url":"writerside-documentation/solutions-archive.html#then-lock-the-account-to-prevent-logging-in","mainTitle":"Solutions Archive","product":"","headings":"Solutions Archive,Then lock the account to prevent logging in","content":"sudo usermod -L oracle\n","pageTitle":"Then lock the account to prevent logging in","metaDescription":"","type":"Documentation","breadcrumbs":"","root":0,"depth":0}