{"objectID":"_solutions_archive.html#create_a_user_account_with_specific_id_and_groups_without_a_home_directory","parent":"_solutions_archive.html#manjaro","pageViews":0,"url":"writerside-documentation/solutions-archive.html#create-a-user-account-with-specific-id-and-groups-without-a-home-directory","mainTitle":"Solutions Archive","product":"","headings":"Solutions Archive,Create a user account with specific ID and groups, without a Home directory","content":"sudo useradd -Mu 54321 -G oinstall,docker,dev,matias,admin,coder oracle\n","pageTitle":"Create a user account with specific ID and groups, without a Home directory","metaDescription":"","type":"Documentation","breadcrumbs":"","root":0,"depth":0}