{"objectID":"_solutions_archive.html#how_to_import_certificates","parent":"_solutions_archive.html#manjaro","pageViews":0,"url":"writerside-documentation/solutions-archive.html#how-to-import-certificates","mainTitle":"Solutions Archive","product":"","headings":"Solutions Archive,How to Import Certificates","content":"To import certificates, you need to store them in the ~/.ssh/certs directory and run the following commands:\nsudo trust anchor --store ~/.ssh/certs/\u0026lt;cert-name\u0026gt;.crt\nsudo update-ca-trust\nCheck your imported certificates:\nawk -v cmd\u003d\u0027openssl x509 -noout -subject\u0027 \u0027/BEGIN/{close(cmd)};{print | cmd}\u0027 \u0026lt; /etc/ssl/certs/ca-certificates.crt\n","pageTitle":"How to Import Certificates","metaDescription":"","type":"Documentation","breadcrumbs":"","root":0,"depth":0}