{"objectID":"_solutions_archive.html#fix_audio_stuttering_account_wide","parent":"_solutions_archive.html#manjaro","pageViews":0,"url":"writerside-documentation/solutions-archive.html#fix-audio-stuttering-account-wide","mainTitle":"Solutions Archive","product":"","headings":"Solutions Archive,Fix audio stuttering (account-wide)","content":"mkdir -p ~/.config/wireplumber \u0026\u0026 cp /usr/share/wireplumber/*.conf ~/.config/wireplumber\nmkdir -p ~/.config/pipewire \u0026\u0026 cp /usr/share/pipewire/*.conf ~/.config/pipewire\n","pageTitle":"Fix audio stuttering (account-wide)","metaDescription":"","type":"Documentation","breadcrumbs":"","root":0,"depth":0}