{"objectID":"_solutions_archive.html#can_t_enable_steam_proton_manager","parent":"_solutions_archive.html#manjaro","pageViews":0,"url":"writerside-documentation/solutions-archive.html#can-t-enable-steam-proton-manager","mainTitle":"Solutions Archive","product":"","headings":"Solutions Archive,Can\u0027t enable Steam Proton manager","content":"Starting from version 2022.6.28, Bottles allows you to manage Steam Proton prefixes by enabling the setting of the same name. If you\u0027ve installed Bottles via Flatpak, it is essential to give it permissions to access the Steam path; otherwise the integration will not be activated. Proceed, according to your Steam installation.\nflatpak override --user com.usebottles.bottles --filesystem\u003dxdg-data/Steam\n","pageTitle":"Can\u0027t enable Steam Proton manager","metaDescription":"","type":"Documentation","breadcrumbs":"","root":0,"depth":0}