{"objectID":"_solutions_archive.html#fix_manjaro_s_keyring","parent":"_solutions_archive.html#manjaro","pageViews":0,"url":"writerside-documentation/solutions-archive.html#fix-manjaro-s-keyring","mainTitle":"Solutions Archive","product":"","headings":"Solutions Archive,Fix Manjaro\u0027s Keyring","content":"When keyring is corrupted, you can fix it by running the following commands:\nsudo pacman -Syy\nsudo pacman-key --refresh-keys\nsudo pacman-key --populate archlinux manjaro\nsudo pacman -Sc\n","pageTitle":"Fix Manjaro\u0027s Keyring","metaDescription":"","type":"Documentation","breadcrumbs":"","root":0,"depth":0}