{"objectID":"_solutions_archive.html#fix_allows_non_root_process_to_bind_to_privileged_ports_443_80","parent":"_solutions_archive.html#manjaro","pageViews":0,"url":"writerside-documentation/solutions-archive.html#fix-allows-non-root-process-to-bind-to-privileged-ports-443-80","mainTitle":"Solutions Archive","product":"","headings":"Solutions Archive,Fix allows non-root process to bind to privileged ports (443,80)","content":"Run as root the following command:\nsudo su\nsetcap CAP_NET_BIND_SERVICE\u003d+eip /usr/bin/ssh\n","pageTitle":"Fix allows non-root process to bind to privileged ports (443,80)","metaDescription":"","type":"Documentation","breadcrumbs":"","root":0,"depth":0}