{"objectID":"_solutions_archive.html#gpg_key_expired","parent":"_solutions_archive.html#manjaro","pageViews":0,"url":"writerside-documentation/solutions-archive.html#gpg-key-expired","mainTitle":"Solutions Archive","product":"","headings":"Solutions Archive,GPG Key expired","content":"sudo mv /usr/share/spotify-launcher/keyring.pgp  /usr/share/spotify-launcher/keyring.pgp.old\nsudo wget https://download.spotify.com/debian/pubkey_7A3A762FAFD4A51F.gpg -O /usr/share/spotify-launcher/keyring.pgp\n","pageTitle":"GPG Key expired","metaDescription":"","type":"Documentation","breadcrumbs":"","root":0,"depth":0}