{"objectID":"_solutions_archive.html#get_allowed_rates_in_your_system","parent":"_solutions_archive.html#manjaro","pageViews":0,"url":"writerside-documentation/solutions-archive.html#get-allowed-rates-in-your-system","mainTitle":"Solutions Archive","product":"","headings":"Solutions Archive,Get allowed rates in your system","content":"        flags \u003d [ ifexists nofail ]\n        condition \u003d [ { module.jackdbus-detect \u003d true } ]\n    }\n]\n\ncontext.objects \u003d [\n    #{ factory \u003d \u0026lt;factory-name\u0026gt;\n    #    ( args  \u003d { \u0026lt;key\u0026gt; \u003d \u0026lt;value\u0026gt; ... } )\n    #    ( flags \u003d [ ( nofail ) ] )\n    #    ( condition \u003d [ { \u0026lt;key\u0026gt; \u003d \u0026lt;value\u0026gt; ... } ... ] )\n    #}\n    #\n    # Creates an object from a PipeWire factory with the given parameters.\n    # If nofail is given, errors are ignored (and no object is created).\n    # If condition is given, the object is created only when the context properties\n    # all match the match rules.\n    #\n    #{ factory \u003d spa-node-factory   args \u003d { factory.name \u003d videotestsrc node.name \u003d videotestsrc node.description \u003d videotestsrc \"Spa:Pod:Object:Param:Props:patternType\" \u003d 1 } }\n    #{ factory \u003d spa-device-factory args \u003d { factory.name \u003d api.jack.device foo\u003dbar } flags \u003d [ nofail ] }\n    #{ factory \u003d spa-device-factory args \u003d { factory.name \u003d api.alsa.enum.udev } }\n    #{ factory \u003d spa-node-factory   args \u003d { factory.name \u003d api.alsa.seq.bridge node.name \u003d Internal-MIDI-Bridge } }\n    #{ factory \u003d adapter            args \u003d { factory.name \u003d audiotestsrc node.name \u003d my-test node.description \u003d audiotestsrc } }\n    #{ factory \u003d spa-node-factory   args \u003d { factory.name \u003d api.vulkan.compute.source node.name \u003d my-compute-source } }\n\n    # A default dummy driver. This handles nodes marked with the \"node.always-process\"\n    # property when no other driver is currently active. JACK clients need this.\n    { factory \u003d spa-node-factory\n        args \u003d {\n            factory.name    \u003d support.node.driver\n            node.name       \u003d Dummy-Driver\n            node.group      \u003d pipewire.dummy\n            node.sync-group  \u003d sync.dummy\n            priority.driver \u003d 20000\n            #clock.id       \u003d monotonic # realtime | tai | monotonic-raw | boottime\n            #clock.name     \u003d \"clock.system.monotonic\"\n        }\n    }\n    { factory \u003d spa-node-factory\n        args \u003d {\n            factory.name    \u003d support.node.driver\n            node.name       \u003d Freewheel-Driver\n            priority.driver \u003d 19000\n            node.group      \u003d pipewire.freewheel\n            node.sync-group  \u003d sync.dummy\n            node.freewheel  \u003d true\n            #freewheel.wait \u003d 10\n        }\n    }\n\n    # This creates a new Source node. It will have input ports\n    # that you can link, to provide audio for this source.\n    #{ factory \u003d adapter\n    #    args \u003d {\n    #        factory.name     \u003d support.null-audio-sink\n    #        node.name        \u003d \"my-mic\"\n    #        node.description \u003d \"Microphone\"\n    #        media.class      \u003d \"Audio/Source/Virtual\"\n    #        audio.position   \u003d \"FL,FR\"\n    #        monitor.passthrough \u003d true\n    #    }\n    #}\n\n    # This creates a single PCM source device for the given\n    # alsa device path hw:0. You can change source to sink\n    # to make a sink in the same way.\n    #{ factory \u003d adapter\n    #    args \u003d {\n    #        factory.name           \u003d api.alsa.pcm.source\n    #        node.name              \u003d \"alsa-source\"\n    #        node.description       \u003d \"PCM Source\"\n    #        media.class            \u003d \"Audio/Source\"\n    #        api.alsa.path          \u003d \"hw:0\"\n    #        api.alsa.period-size   \u003d 1024\n    #        api.alsa.headroom      \u003d 0\n    #        api.alsa.disable-mmap  \u003d false\n    #        api.alsa.disable-batch \u003d false\n    #        audio.format           \u003d \"S16LE\"\n    #        audio.rate             \u003d 48000\n    #        audio.channels         \u003d 2\n    #        audio.position         \u003d \"FL,FR\"\n    #    }\n    #}\n\n    # Use the metadata factory to create metadata and some default values.\n    #{ factory \u003d metadata\n    #    args \u003d {\n    #        metadata.name \u003d my-metadata\n    #        metadata.values \u003d [\n    #            { key \u003d default.audio.sink   value \u003d { name \u003d somesink } }\n    #            { key \u003d default.audio.source value \u003d { name \u003d somesource } }\n    #        ]\n    #    }\n    #}\n]\n\ncontext.exec \u003d [\n    #{   path \u003d \u0026lt;program-name\u0026gt;\n    #    ( args \u003d \"\u0026lt;arguments\u0026gt;\" | [ \u0026lt;arg1\u0026gt; \u0026lt;arg2\u0026gt; ... ] )\n    #    ( condition \u003d [ { \u0026lt;key\u0026gt; \u003d \u0026lt;value\u0026gt; ... } ... ] )\n    #}\n    #\n    # Execute the given program with arguments.\n    # If condition is given, the program is executed only when the context\n    # properties all match the match rules.\n    #\n    # You can optionally start the session manager here,\n    # but it is better to start it as a systemd service.\n    # Run the session manager with -h for options.\n    #\n    #{ path \u003d \"/usr/bin/pipewire-media-session\" args \u003d \"\"\n    #  condition \u003d [ { exec.session-manager \u003d null } { exec.session-manager \u003d true } ] }\n    #\n    # You can optionally start the pulseaudio-server here as well\n    # but it is better to start it as a systemd service.\n    # It can be interesting to start another daemon here that listens\n    # on another address with the -a option (eg. -a tcp:4713).\n    #\n    #{ path \u003d \"/usr/bin/pipewire\" args \u003d [ \"-c\" \"pipewire-pulse.conf\" ]\n    #  condition \u003d [ { exec.pipewire-pulse \u003d null } { exec.pipewire-pulse \u003d true } ] }\n]\n","pageTitle":"Get allowed rates in your system","metaDescription":"","type":"Documentation","breadcrumbs":"","root":0,"depth":0}