{"objectID":"_solutions_archive.html#fix_library_initialization_failed_unable_to_allocate_file_descriptor_table_out_of_memory_error","parent":"_solutions_archive.html#manjaro","pageViews":0,"url":"writerside-documentation/solutions-archive.html#fix-library-initialization-failed-unable-to-allocate-file-descriptor-table-out-of-memory-error","mainTitle":"Solutions Archive","product":"","headings":"Solutions Archive,Fix library initialization failed, unable to allocate file descriptor table, out of memory error","content":"sudo vim /usr/lib/systemd/system/docker.service\nChoose one value (65536:65536 or 131072:131072) setting and add it to the file:\n[Service]\nExecStart\u003d\nExecStart\u003d/usr/bin/dockerd --default-ulimit nofile\u003d\u0026lt;value\u0026gt;:\u0026lt;value\u0026gt; -H fd://\nSave and run:\nsudo systemctl daemon-reload\nsudo systemctl restart docker\n","pageTitle":"Fix library initialization failed, unable to allocate file descriptor table, out of memory error","metaDescription":"","type":"Documentation","breadcrumbs":"","root":0,"depth":0}