{"objectID":"_solutions_archive.html#get_allowed_rates_in_your_system","parent":"_solutions_archive.html#manjaro","pageViews":0,"url":"writerside-documentation/solutions-archive.html#get-allowed-rates-in-your-system","mainTitle":"Solutions Archive","product":"","headings":"Solutions Archive,Get allowed rates in your system","content":"grep -E \u0027Codec|Audio Output|rates\u0027 /proc/asound/card*/codec#*\nMake these changes to the pipewire.conf file to fix the stuttering issue.\n# Daemon config file for PipeWire version \"1.2.1\" #\n#\n# Copy and edit this file in /etc/pipewire for system-wide changes\n# or in ~/.config/pipewire for local changes.\n#\n# It is also possible to place a file with an updated section in\n# /etc/pipewire/pipewire.conf.d/ for system-wide changes or in\n# ~/.config/pipewire/pipewire.conf.d/ for local changes.\n#\n\ncontext.properties \u003d {\n    ## Configure properties in the system.\n    #library.name.system                   \u003d support/libspa-support\n    #context.data-loop.library.name.system \u003d support/libspa-support\n    #support.dbus                          \u003d true\n    #link.max-buffers                      \u003d 64\n    link.max-buffers                       \u003d 16                       # version \u0026lt; 3 clients can\u0027t handle more\n    #mem.warn-mlock                        \u003d false\n    #mem.allow-mlock                       \u003d true\n    #mem.mlock-all                         \u003d false\n    #clock.power-of-two-quantum            \u003d true\n    #log.level                             \u003d 2\n    #cpu.zero.denormals                    \u003d false\n\n    #loop.rt-prio \u003d -1            # -1 \u003d use module-rt prio, 0 disable rt\n    #loop.class \u003d data.rt\n    #thread.affinity \u003d [ 0 1 ]    # optional array of CPUs\n    #context.num-data-loops \u003d 1   # -1 \u003d num-cpus, 0 \u003d no data loops\n    #\n    #context.data-loops \u003d [\n    #    {   loop.rt-prio \u003d -1\n    #        loop.class \u003d [ data.rt audio.rt ]\n    #        #library.name.system \u003d support/libspa-support\n    #        thread.name \u003d data-loop.0\n    #        #thread.affinity \u003d [ 0 1 ]    # optional array of CPUs\n    #    }\n    #]\n\n    core.daemon \u003d true              # listening for socket connections\n    core.name   \u003d pipewire-0        # core name and socket name\n\n    ## Properties for the DSP configuration.\n    #default.clock.rate          \u003d 48000\n    default.clock.rate          \u003d 48000\n    #default.clock.allowed-rates \u003d [ 48000 ]\n    default.clock.allowed-rates \u003d [ 32000 44100 48000 88200 96000 192000 ]\n    #default.clock.quantum       \u003d 1024\n    #default.clock.min-quantum   \u003d 32\n    default.clock.min-quantum   \u003d 16\n    #default.clock.max-quantum   \u003d 2048\n    #default.clock.quantum-limit \u003d 8192\n    #default.clock.quantum-floor \u003d 4\n    #default.video.width         \u003d 640\n    #default.video.height        \u003d 480\n    #default.video.rate.num      \u003d 25\n    #default.video.rate.denom    \u003d 1\n    #\n    #settings.check-quantum      \u003d false\n    #settings.check-rate         \u003d false\n\n    # keys checked below to disable module loading\n    module.x11.bell \u003d true\n    # enables autoloading of access module, when disabled an alternative\n    # access module needs to be loaded.\n    module.access \u003d true\n    # enables autoloading of module-jackdbus-detect\n    module.jackdbus-detect \u003d true\n}\n\ncontext.properties.rules \u003d [\n    {   matches \u003d [ { cpu.vm.name \u003d !null } ]\n        actions \u003d {\n            update-props \u003d {\n                # These overrides are only applied when running in a vm.\n                default.clock.min-quantum \u003d 1024\n\t    }\n        }\n    }\n]\n\ncontext.spa-libs \u003d {\n    #\u0026lt;factory-name regex\u0026gt; \u003d \u0026lt;library-name\u0026gt;\n    #\n    # Used to find spa factory names. It maps an spa factory name\n    # regular expression to a library name that should contain\n    # that factory.\n    #\n    audio.convert.* \u003d audioconvert/libspa-audioconvert\n    avb.*           \u003d avb/libspa-avb\n    api.alsa.*      \u003d alsa/libspa-alsa\n    api.v4l2.*      \u003d v4l2/libspa-v4l2\n    api.libcamera.* \u003d libcamera/libspa-libcamera\n    api.bluez5.*    \u003d bluez5/libspa-bluez5\n    api.vulkan.*    \u003d vulkan/libspa-vulkan\n    api.jack.*      \u003d jack/libspa-jack\n    support.*       \u003d support/libspa-support\n    video.convert.* \u003d videoconvert/libspa-videoconvert\n    #videotestsrc   \u003d videotestsrc/libspa-videotestsrc\n    #audiotestsrc   \u003d audiotestsrc/libspa-audiotestsrc\n}\n\ncontext.modules \u003d [\n    #{ name \u003d \u0026lt;module-name\u0026gt;\n    #    ( args  \u003d { \u0026lt;key\u0026gt; \u003d \u0026lt;value\u0026gt; ... } )\n    #    ( flags \u003d [ ( ifexists ) ( nofail ) ] )\n    #    ( condition \u003d [ { \u0026lt;key\u0026gt; \u003d \u0026lt;value\u0026gt; ... } ... ] )\n    #}\n    #\n    # Loads a module with the given parameters.\n    # If ifexists is given, the module is ignored when it is not found.\n    # If nofail is given, module initialization failures are ignored.\n    # If condition is given, the module is loaded only when the context\n    # properties all match the match rules.\n    #\n\n    # Uses realtime scheduling to boost the audio thread priorities. This uses\n    # RTKit if the user doesn\u0027t have permission to use regular realtime\n    # scheduling. You can also clamp utilisation values to improve scheduling\n    # on embedded and heterogeneous systems, e.g. Arm big.LITTLE devices.\n    { name \u003d libpipewire-module-rt\n        args \u003d {\n            nice.level    \u003d -11\n            rt.prio       \u003d 88\n            #rt.time.soft \u003d -1\n            #rt.time.hard \u003d -1\n            #uclamp.min \u003d 0\n            #uclamp.max \u003d 1024\n        }\n        flags \u003d [ ifexists nofail ]\n    }\n\n    # The native communication protocol.\n    { name \u003d libpipewire-module-protocol-native\n        args \u003d {\n            # List of server Unix sockets, and optionally permissions\n            #sockets \u003d [ { name \u003d \"pipewire-0\" }, { name \u003d \"pipewire-0-manager\" } ]\n        }\n    }\n\n    # The profile module. Allows application to access profiler\n    # and performance data. It provides an interface that is used\n    # by pw-top and pw-profiler.\n    { name \u003d libpipewire-module-profiler }\n\n    # Allows applications to create metadata objects. It creates\n    # a factory for Metadata objects.\n    { name \u003d libpipewire-module-metadata }\n\n    # Creates a factory for making devices that run in the\n    # context of the PipeWire server.\n    { name \u003d libpipewire-module-spa-device-factory }\n\n    # Creates a factory for making nodes that run in the\n    # context of the PipeWire server.\n    { name \u003d libpipewire-module-spa-node-factory }\n\n    # Allows creating nodes that run in the context of the\n    # client. Is used by all clients that want to provide\n    # data to PipeWire.\n    { name \u003d libpipewire-module-client-node }\n\n    # Allows creating devices that run in the context of the\n    # client. Is used by the session manager.\n    { name \u003d libpipewire-module-client-device }\n\n    # The portal module monitors the PID of the portal process\n    # and tags connections with the same PID as portal\n    # connections.\n    { name \u003d libpipewire-module-portal\n        flags \u003d [ ifexists nofail ]\n    }\n\n    # The access module can perform access checks and block\n    # new clients.\n    { name \u003d libpipewire-module-access\n        args \u003d {\n            # Socket-specific access permissions\n            #access.socket \u003d { pipewire-0 \u003d \"default\", pipewire-0-manager \u003d \"unrestricted\" }\n\n            # Deprecated legacy mode (not socket-based),\n            # for now enabled by default if access.socket is not specified\n            #access.legacy \u003d true\n        }\n        condition \u003d [ { module.access \u003d true } ]\n    }\n\n    # Makes a factory for wrapping nodes in an adapter with a\n    # converter and resampler.\n    { name \u003d libpipewire-module-adapter }\n\n    # Makes a factory for creating links between ports.\n    { name \u003d libpipewire-module-link-factory }\n\n    # Provides factories to make session manager objects.\n    { name \u003d libpipewire-module-session-manager }\n\n    # Use libcanberra to play X11 Bell\n    { name \u003d libpipewire-module-x11-bell\n        args \u003d {\n            #sink.name \u003d \"@DEFAULT_SINK@\"\n            #sample.name \u003d \"bell-window-system\"\n            #x11.display \u003d null\n            #x11.xauthority \u003d null\n        }\n        flags \u003d [ ifexists nofail ]\n        condition \u003d [ { module.x11.bell \u003d true } ]\n    }\n    { name \u003d libpipewire-module-jackdbus-detect\n        args \u003d {\n            #jack.library     \u003d libjack.so.0\n            #jack.server      \u003d null\n            #jack.client-name \u003d PipeWire\n            #jack.connect     \u003d true\n            #tunnel.mode      \u003d duplex  # source|sink|duplex\n            source.props \u003d {\n                #audio.channels \u003d 2\n\t\t#midi.ports \u003d 1\n                #audio.position \u003d [ FL FR ]\n                # extra sink properties\n            }\n            sink.props \u003d {\n                #audio.channels \u003d 2\n\t\t#midi.ports \u003d 1\n                #audio.position \u003d [ FL FR ]\n                # extra sink properties\n            }\n        }\n","pageTitle":"Get allowed rates in your system","metaDescription":"","type":"Documentation","breadcrumbs":"","root":0,"depth":0}