{"objectID":"_solutions_archive.html#fix_audio_stuttering_system_wide","parent":"_solutions_archive.html#manjaro","pageViews":0,"url":"writerside-documentation/solutions-archive.html#fix-audio-stuttering-system-wide","mainTitle":"Solutions Archive","product":"","headings":"Solutions Archive,Fix audio stuttering (system-wide)","content":"sudo mkdir -p /etc/wireplumber \u0026\u0026 sudo cp /usr/share/wireplumber/*.conf /etc/wireplumber\nsudo mkdir -p /etc/pipewire \u0026\u0026 sudo cp /usr/share/pipewire/*.conf /etc/pipewire\n","pageTitle":"Fix audio stuttering (system-wide)","metaDescription":"","type":"Documentation","breadcrumbs":"","root":0,"depth":0}