{"objectID":"_solutions_archive.html#how_to_run_oracle_database_on_manjaro","parent":"_solutions_archive.html#manjaro","pageViews":0,"url":"writerside-documentation/solutions-archive.html#how-to-run-oracle-database-on-manjaro","mainTitle":"Solutions Archive","product":"","headings":"Solutions Archive,How to run Oracle Database on Manjaro","content":"Find a user\u0027s UID:\nid -u \u0026lt;username\u0026gt;\nFind a user\u0027s GID:\nid -g \u0026lt;username\u0026gt;\nList all groups a user belongs to:\nid -G \u0026lt;username\u0026gt;\nIf you wish to see the UID and all groups associated with a user, enter id without any options, as follows:\nid \u0026lt;username\u0026gt;\n","pageTitle":"How to run Oracle Database on Manjaro","metaDescription":"","type":"Documentation","breadcrumbs":"","root":0,"depth":0}