{"objectID":"_solutions_archive.html#fix_video_playback","parent":"_solutions_archive.html#manjaro","pageViews":0,"url":"writerside-documentation/solutions-archive.html#fix-video-playback","mainTitle":"Solutions Archive","product":"","headings":"Solutions Archive,Fix Video Playback","content":"general.useragent.override\nSelect \u0027String\u0027 and click \u0027+\u0027 and add:\nMozilla/5.0 (Windows NT 10.0; Win64; x64; rv:106.0) Gecko/20100101 Firefox/106.0\n","pageTitle":"Fix Video Playback","metaDescription":"","type":"Documentation","breadcrumbs":"","root":0,"depth":0}