{"objectID":"_solutions_archive.html#fix_csv_password_file_loading","parent":"_solutions_archive.html#manjaro","pageViews":0,"url":"writerside-documentation/solutions-archive.html#fix-csv-password-file-loading","mainTitle":"Solutions Archive","product":"","headings":"Solutions Archive,Fix CSV Password File Loading","content":"Set variable \u0027TRUE\u0027 to enable csv file importing.\nsignon.management.page.fileImport.enabled\nSet variable to \u0027TRUE\u0027 to force Firefox to read the csv file.\nsecurity.allow_eval_in_parent_process\n","pageTitle":"Fix CSV Password File Loading","metaDescription":"","type":"Documentation","breadcrumbs":"","root":0,"depth":0}