{"objectID":"_terminal.html#shell_zsh","parent":"_terminal.html#what_is_a_terminal_emulator","pageViews":0,"url":"writerside-documentation/terminal.html#shell-zsh","mainTitle":"Terminal Emulator","product":"","headings":"Terminal Emulator,Shell ZSH","content":"I\u0027m going to be using zsh as my shell. Zsh is a shell designed for interactive use, although it is also a powerful scripting language. A lot of useful features from bash and ksh were incorporated into zsh; many original features were added. The goal is to increase the efficiency and ease of use for the CLI user.\nInstall ZSH and some additional packages:\nsudo pacman -S --needed zsh zsh-doc\nInstall open source fonts:\nsudo pacman -S --needed gnu-free-fonts ttf-carlito ttf-croscore ttf-dejavu ttf-droid ttf-fira-code ttf-fira-mono ttf-font-awesome ttf-ibm-plex ttf-hack ttf-joypixels ttf-roboto ttf-ubuntu-font-family ttf-dejavu ttf-terminus-nerd ttf-input awesome-terminal-fonts nerd-fonts\nInstall proprietary fonts:\nyay -S ttf-ms-fonts\nSource font recently installed:\nfc-cache -f -v\nList all installed shells, run:\nchsh -l\nSet one as default for your user do:\nchsh -s $(which zsh)\nIf you now log out and log in again, you will be greeted by the other shell; or just open a new terminal window.\nNote\n\u0027chsh\u0027 uses /etc/shells as reference. If a recently installed shell is not present on the list, it can be manually added to this file.\nDifferent ways to check you are using zsh:\necho $SHELL\necho $0\nps -p $$\nProvide an initial configuration for zsh:\nautoload -Uz zsh-newuser-install; zsh-newuser-install -f\nTo handle better the installation of certain apps I\u0027m going to create a temp directory:\nmkdir -p ~/.tmp\n","pageTitle":"Shell ZSH","metaDescription":"","type":"Documentation","breadcrumbs":"","root":0,"depth":0}