{"objectID":"_terminal.html#source_plugins","parent":"_terminal.html#what_is_a_terminal_emulator","pageViews":0,"url":"writerside-documentation/terminal.html#source-plugins","mainTitle":"Terminal Emulator","product":"","headings":"Terminal Emulator,Source plugins","content":"Note\nThe more plugins you source, the slower the shell will start. Pick wisely.\nplugins\u003d(\n  git\n  gitignore\n  fzf\n  zsh-autosuggestions\n  zsh-interactive-cd\n  zsh-syntax-highlighting\n  docker\n  docker-compose\n)\n","pageTitle":"Source plugins","metaDescription":"","type":"Documentation","breadcrumbs":"","root":0,"depth":0}