{"objectID":"_terminal.html#system_wide_configuration","parent":"_terminal.html#what_is_a_terminal_emulator","pageViews":0,"url":"writerside-documentation/terminal.html#system-wide-configuration","mainTitle":"Terminal Emulator","product":"","headings":"Terminal Emulator,System-wide configuration","content":"The following is a list of useful aliases added to /etc/bash.bashrc and /etc/zsh/zshrc:\n#################################################################################################\n#\n# System-wide Aliases for Manjaro\n#\n\n##########################\n##       System         ##\n##########################\n\n### Administration\nalias sudo\u003d\u0027sudo \u0027\nalias upgrade\u003d\u0027pacman -Syu\u0027\nalias install\u003d\u0027pacman -S\u0027\nalias search\u003d\u0027pacman -Ss\u0027\nalias uninstall\u003d\u0027pacman -Rs\u0027\nalias list-i\u003d\u0027pacman -Qe\u0027\nalias owner\u003d\u0027pacman -Qo\u0027\nalias list-orphans\u003d\u0027pacman -Qdt\u0027\nalias remove-orphans\u003d\u0027pacman -Rns $(pacman -Qdtq)\u0027\nalias list-packages-in-group\u003d\u0027pacman -Sg\u0027\nalias list-dep\u003d\u0027pactree\u0027\nalias md\u003d\u0027mkdir -p\u0027\nalias ..\u003d\u0027cd ..\u0027\nalias ...\u003d\u0027cd ../..\u0027\nalias rm\u003d\u0027rm -v\u0027\nalias mv\u003d\u0027mv -iv\u0027\nalias ll\u003d\u0027ls -lAh\u0027\nalias lla\u003d\u0027ls -lah\u0027\nalias cl\u003d\u0027clear\u0027\nalias nowtime\u003d\u0027date +\"%T\"\u0027  # Shows the current time in 24hrs format as HH:MM:SS\n#alias nowdate\u003d\u0027date +\"%d - %m - %Y\"\u0027  # Shows the current date in format dd-MM-YY\nalias usage\u003d\u0027du -hd 1 . | sort -hr\u0027  # Shows how much space occupies each file and folder\nalias lsof\u003d\u0027lsof -i\u0027  # Shows the list of programs users and files running\nalias boot-time\u003d\u0027systemd-analyze\u0027\nalias boot-time-blame\u003d\u0027systemd-analyze blame\u0027\nalias list-reboot\u003d\u0027last reboot | less\u0027\nalias list-shutdown\u003d\u0027last shutdown | less\u0027\nalias list-ps\u003d\u0027ps -aux\u0027  # Lists all processes and executables running that belong to current user\n\n### Important Directories\n\nalias home\u003d\u0027cd $HOME\u0027\nalias opt\u003d\u0027cd /opt\u0027\nalias media\u003d\u0027cd /media\u0027\nalias vault\u003d\u0027cd /media/Vault\u0027\nalias work\u003d\u0027cd /media/Work/Projects/Work\u0027\nalias personal\u003d\u0027cd /media/Work/Projects/Personal\u0027\nalias bbva\u003d\u0027cd /media/Work/Projects/Work/bbva\u0027\nalias prisma\u003d\u0027cd /media/Work/Projects/Work/prisma\u0027\nalias games\u003d\u0027cd /media/Games\u0027\nalias media-center\u003d\u0027cd /media/MediaCenter\u0027\n# Shared documents in LAN\nalias dell\u003d\"mount -t cifs -o credentials\u003d/etc/win-credentials,uid\u003d1001,gid\u003d1001,dir_mode\u003d0774,file_mode\u003d0774 \u0027\\\\192.168.100.36\\SharedFolder\u0027 /media/Dell\"\nalias mount-dell\u003d\u0027mount /media/Dell\u0027\nalias umount-dell\u003d\u0027umount /media/Dell\u0027\nalias umount-lazy-dell\u003d\u0027umount -l /media/Dell\u0027\n\n## AMDFan\nalias amdfan-active\u003d\u0027sudo systemctl is-active amdfan\u0027\nalias amdfan-status\u003d\u0027sudo systemctl status amdfan\u0027\nalias amdfan-restart\u003d\u0027sudo systemctl restart amdfan\u0027\nalias amdfan-monitor\u003d\u0027amdfan --monitor\u0027\nalias amdfan-daemon\u003d\u0027amdfan --daemon\u0027\nalias amdfan-config\u003d\u0027amdfan --configuration\u0027\nalias amdfan-service\u003d\u0027amdfan --service\u0027\n\n## PlexMediaServer\nalias plex-active\u003d\u0027sudo systemctl is-active plexmediaserver\u0027\nalias plex-status\u003d\u0027sudo systemctl status plexmediaserver\u0027\nalias plex-restart\u003d\u0027sudo systemctl restart plexmediaserver\u0027\n\n## Gnome\nalias gdm-active\u003d\u0027sudo systemctl is-active gdm\u0027\nalias gdm-status\u003d\u0027sudo systemctl status gdm\u0027\nalias gdm-restart\u003d\u0027sudo systemctl restart gdm\u0027\nalias gdm-reconfig\u003d\u0027sudo dpkg-reconfigure gdm\u0027\n\n## Networking\nalias net-active\u003d\u0027sudo systemctl is-active net\u0027\nalias net-status\u003d\u0027sudo systemctl status net\u0027\nalias net-restart\u003d\u0027sudo systemctl restart net\u0027\n\n## Pipewire\nalias pw-active\u003d\u0027systemctl --user is-active pipewire.service\u0027\nalias pw-status\u003d\u0027systemctl --user status pipewire.service\u0027\nalias pw-restart\u003d\u0027systemctl --user restart pipewire.service\u0027\n\n## Wireplumber\nalias wp-active\u003d\u0027systemctl --user is-active wireplumber.service\u0027\nalias wp-status\u003d\u0027systemctl --user status wireplumber.service\u0027\nalias wp-restart\u003d\u0027systemctl --user restart wireplumber.service\u0027\n\n## Docker\nalias d-active\u003d\u0027systemctl --user is-active docker\u0027\nalias d-status\u003d\u0027systemctl --user status docker\u0027\nalias d-restart\u003d\u0027systemctl --user restart docker\u0027\n\n### Network\n## Networking\nalias my-ip\u003d\u0027curl ipinfo.io/ip\u0027\nalias ping-google\u003d\"echo \u0027Pinging Google\u0027 \u0026\u0026 ping www.google.com\"\nalias flushdns\u003d\u0027sudo systemctl restart dnsmasq\u0027\nalias net-interface\u003d\u0027ip a\u0027\nalias ip-all\u003d\u0027nmcli -p device show\u0027\n\n##########################\n##         Apps         ##\n##########################\n\n### Desktop Apps\n## Conky\nalias c-reload\u003d\u0027killall -SIGUSR1 conky\u0027  # Realoads Conky without having to kill the process\nalias c-kill\u003d\u0027killall conky\u0027  # Kills all Conky processes\nalias c-test\u003d\u0027conky --daemonize --config\u003d$HOME/.conkyrc --pause\u003d5 \u0026 disown\u0027  # Starts Conky using .conkyrc from $HOME\n\n## USBView\nalias usbview\u003d\u0027sudo usbview \u0026 disown\u0027\n\n## Weather (wttr.in)\nalias w-short\u003d\u0027curl -s \"wttr.in/Mendoza?format\u003d%l:+%c+%t+(%f)\"\u0027\nalias w-full\u003d\u0027curl -s \"wttr.in/Mendoza?format\u003d%l:+%c+%t+(%f)\\n+Rain:%p+Wind:%w\\n+Pressure:%P+Humidity:%h\\n+%m+Day:%M\"\u0027\nalias w-moon\u003d\u0027curl -s \"wttr.in/Mendoza?format\u003d%l:+%m+Day:%M\"\u0027\nalias w-forecast\u003d\u0027curl \"wttr.in/Mendoza\"\u0027\nalias w-time\u003d\u0027curl -s \"wttr.in/Mendoza?format\u003d%l:\\n+Dawn:%D\\n+Sunrise:%S\\n+Zenith:%z\\n+Sunset:%s\\n+Dusk:%d\"\u0027\n\n#################################################################################################\n","pageTitle":"System-wide configuration","metaDescription":"","type":"Documentation","breadcrumbs":"","root":0,"depth":0}