{"objectID":"_terminal.html#zsh_plugin_manager_oh_my_zsh","parent":"_terminal.html#what_is_a_terminal_emulator","pageViews":0,"url":"writerside-documentation/terminal.html#zsh-plugin-manager-oh-my-zsh","mainTitle":"Terminal Emulator","product":"","headings":"Terminal Emulator,Zsh Plugin Manager: Oh-my-Zsh","content":"Install Oh-my-Zsh:\nsh -c \"$(curl -fsSL https://raw.githubusercontent.com/ohmyzsh/ohmyzsh/master/tools/install.sh)\"\n","pageTitle":"Zsh Plugin Manager: Oh-my-Zsh","metaDescription":"","type":"Documentation","breadcrumbs":"","root":0,"depth":0}