{"objectID":"_terminal.html#zsh_plugins","parent":"_terminal.html#what_is_a_terminal_emulator","pageViews":0,"url":"writerside-documentation/terminal.html#zsh-plugins","mainTitle":"Terminal Emulator","product":"","headings":"Terminal Emulator,Zsh Plugins","content":"- LSD (LSDeluxe) sudo pacman -S --needed lsd\n- Zsh-autosuggestions sudo pacman -S --needed zsh-autosuggestions\n- zsh-syntax-highlighting sudo pacman -S --needed zsh-syntax-highlighting\n- Fuzzy Finder sudo pacman -S fzf\n- Zsh-interactive-cd Zsh-interactive-cd is integrated in the fzf plugin. All we need to do is source it in the .zshrc file to start using it.\n","pageTitle":"Zsh Plugins","metaDescription":"","type":"Documentation","breadcrumbs":"","root":0,"depth":0}