{"objectID":"_terminal.html#account_wide_configuration","parent":"_terminal.html#what_is_a_terminal_emulator","pageViews":0,"url":"writerside-documentation/terminal.html#account-wide-configuration","mainTitle":"Terminal Emulator","product":"","headings":"Terminal Emulator,Account-wide configuration","content":"The following environment variables are set in the .zshrc file:\n###################################################################\n#\t\tEnv Var\n#\tManjaro\nexport XDG_CONFIG_HOME\u003d$HOME/.config\nexport PATH\u003d$PATH:$XDG_CONFIG_HOME\n\n#\tPython\nexport WORKON_HOME\u003d\"$HOME/.virtualenvs\"\nexport VIRTUALENVWRAPPER_VIRTUALENV\u003d/usr/sbin/virtualenv\nexport PIP_RESPECT_VIRTUALENV\u003dtrue\nexport VIRTUALENVWRAPPER_PYTHON\u003d$(which python3)\nexport VIRTUALENVWRAPPER_HOOK_DIR\u003d\"$WORKON_HOME/hooks\"\nsource /usr/bin/virtualenvwrapper_lazy.sh\n\n#\tNVM\nexport NVM_DIR\u003d\"$HOME/.config/nvm\"\n[ -s \"$NVM_DIR/nvm.sh\" ] \u0026\u0026 \\. \"$NVM_DIR/nvm.sh\"  # This loads nvm\n[ -s \"$NVM_DIR/bash_completion\" ] \u0026\u0026 \\. \"$NVM_DIR/bash_completion\"  # This loads nvm bash_completion\nexport NVM_COLORS\u003d\u0027cmgRY\u0027\n\n#\tNPM\nNPM_PACKAGES\u003d\"${HOME}/.npm-packages\"\nexport PATH\u003d$PATH:$NPM_PACKAGES:\"$NPM_PACKAGES/bin\"\n# Preserve MANPATH if you already defined it somewhere in your config.\n# Otherwise, fall back to `manpath` so we can inherit from `/etc/manpath`.\nexport MANPATH\u003d${MANPATH-$(manpath)}:\"$NPM_PACKAGES/share/man\"\n# export npm_config_prefix\u003d\"$HOME/.local\"\n\n#\tJetbrains\nexport PATH\u003d$PATH:\"$HOME/.local/share/JetBrains/Toolbox/scripts\"\n\n#\tOBS-Studio\nexport QT_QPA_PLATFORM\u003dxcb,wayland\n\n#\tSONARQUBE \u0026 POSTGRES\nexport SONARQUBE_USERNAME\u003dsonar\nexport SONARQUBE_PASSWORD\u003dsonar\nexport POSTGRES_USERNAME\u003dsonar\nexport POSTGRES_PASSWORD\u003dsonar\n\n#\tVSCODE\nexport PATH\u003d$PATH:$HOME/.console-ninja/.bin\n\n#\tWINE\n# export WINEARCH\u003dwin32\n# export WINEPREFIX\u003d~/.wine32\n\n###################################################################\n","pageTitle":"Account-wide configuration","metaDescription":"","type":"Documentation","breadcrumbs":"","root":0,"depth":0}