{"objectID":"_terminal.html#zsh_theme","parent":"_terminal.html#what_is_a_terminal_emulator","pageViews":0,"url":"writerside-documentation/terminal.html#zsh-theme","mainTitle":"Terminal Emulator","product":"","headings":"Terminal Emulator,Zsh Theme","content":"- PowerLevel 10K git clone --depth\u003d1 https://github.com/romkatv/powerlevel10k.git ${ZSH_CUSTOM:-$HOME/.oh-my-zsh/custom}/themes/powerlevel10k\nEnable the theme in the .zshrc file:\nvim ~/.zshrc\nComment the line with the theme and add the following below:\nZSH_THEME\u003d\"powerlevel10k/powerlevel10k\"\n","pageTitle":"Zsh Theme","metaDescription":"","type":"Documentation","breadcrumbs":"","root":0,"depth":0}