{"objectID":"_utilities.html#how_to_install","parent":"_utilities.html#nodejs","pageViews":0,"url":"writerside-documentation/utilities.html#how-to-install","mainTitle":"Utilities","product":"","headings":"Utilities,How to install","content":"If you skipped the step Install important dependencies, go back and get them. Some are essential for the installation of HeadsetControl.\ncd ~/.tmp\ngit clone https://github.com/Sapd/HeadsetControl \u0026\u0026 cd HeadsetControl\nmkdir -p build \u0026\u0026 cd build\ncmake ..\nmake\nsudo make install\nAt this point we can only access the application with root. To fix this, we need a udev rule.\n","pageTitle":"How to install","metaDescription":"","type":"Documentation","breadcrumbs":"","root":0,"depth":0}