{"objectID":"_utilities.html#configuration","parent":"_utilities.html#nodejs","pageViews":0,"url":"writerside-documentation/utilities.html#configuration","mainTitle":"Utilities","product":"","headings":"Utilities,Configuration","content":"Paste the following content in /etc/amdfan.yml. This allows you to configure the settings before running it as a daemon.\nsudo gedit /etc/amdfan.yml\n#Fan Control Matrix.\n# [\u0026lt;Temp in C\u0026gt;,\u0026lt;Fanspeed in %\u0026gt;]\nspeed_matrix:\n- [4, 4]\n- [30, 33]\n- [45, 50]\n- [60, 66]\n- [65, 69]\n- [70, 75]\n- [75, 89]\n- [80, 100]\n\n# Current Min supported value is 4 due to driver bug\n#\n# Optional configuration options\n#\n# Allows for some leeway +/- temp, as to not constantly change fan speed\n# threshold: 4\n#\n# Frequency will change how often we probe for the temp\n# frequency: 5\n#\n# While frequency and threshold are optional, I highly recommend finding\n# settings that work for you. I\u0027ve included the defaults I use above.\n#\n# cards:\n# can be any card returned from `ls /sys/class/drm | grep \"^card[[:digit:]]$\"`\n# - card0\nNow we set up the systemd service:\nsudo vim  /etc/systemd/system/amdfan.service\n[Unit]\nDescription\u003damdfan controller\nAfter\u003dmulti-user.target\nRequires\u003dmulti-user.target\n\n[Service]\nExecStart\u003d/usr/bin/amdfan daemon\nRestart\u003dalways\n\n[Install]\nWantedBy\u003dfinal.target\nConfirm that it has been installed in $HOME/.virtualenvs/amdfan/bin and not in /usr/bin with the following command:\nwhich amdfan\nIf it is in \u0027/usr/lib/bin\u0027, create a symbolic link to \u0027/usr/bin\u0027:\nsudo ln -s $HOME/.virtualenvs/amdfan/bin/amdfan /usr/bin/amdfan\nNow we enable and start the service:\nsudo systemctl enable --now amdfan\n","pageTitle":"Configuration","metaDescription":"","type":"Documentation","breadcrumbs":"","root":0,"depth":0}