{"objectID":"_utilities.html#from_nvm_node_version_manager","parent":"_utilities.html#nodejs","pageViews":0,"url":"writerside-documentation/utilities.html#from-nvm-node-version-manager","mainTitle":"Utilities","product":"","headings":"Utilities,From NVM (Node Version Manager)","content":"To install or update nvm, run one of the following commands:\ncurl -o- https://raw.githubusercontent.com/nvm-sh/nvm/v0.40.0/install.sh | bash\nwget -qO- https://raw.githubusercontent.com/nvm-sh/nvm/v0.40.0/install.sh | bash\nCheck nvm version:\nnvm --version\n","pageTitle":"From NVM (Node Version Manager)","metaDescription":"","type":"Documentation","breadcrumbs":"","root":0,"depth":0}