{"objectID":"_utilities.html#access_without_sudo","parent":"_utilities.html#nodejs","pageViews":0,"url":"writerside-documentation/utilities.html#access-without-sudo","mainTitle":"Utilities","product":"","headings":"Utilities,Access without sudo","content":"On Linux, you need udev rules if you don\u0027t want to start the application with root permissions. Those rules are generated via headsetcontrol -u. During the last step of the installation process make install generates and writes them automatically to /etc/udev/rules.d/.\nYou can reload udev configuration without a reboot via:\nsudo udevadm control --reload-rules \u0026\u0026 sudo udevadm trigger\n","pageTitle":"Access without sudo","metaDescription":"","type":"Documentation","breadcrumbs":"","root":0,"depth":0}