{"objectID":"_utilities.html#documentation","parent":"_utilities.html#nodejs","pageViews":0,"url":"writerside-documentation/utilities.html#documentation","mainTitle":"Utilities","product":"","headings":"Utilities,Documentation","content":"Usage: amdfan.py [OPTIONS]\n\nOptions:\n--daemon         Run as daemon applying the fan curve\n--monitor        Run as a monitor showing temp and fan speed\n--manual         Manually set the fan speed value of a card\n--configuration  Prints out the default configuration for you to use\n--service        Prints out the amdfan.service file to use with systemd\n--help           Show this message and exit.\n","pageTitle":"Documentation","metaDescription":"","type":"Documentation","breadcrumbs":"","root":0,"depth":0}