{"objectID":"_utilities.html#important_commands","parent":"_utilities.html#nodejs","pageViews":0,"url":"writerside-documentation/utilities.html#important-commands","mainTitle":"Utilities","product":"","headings":"Utilities,Important Commands","content":"If you want to use the system-installed version of node, you can use the following command:\nnvm use system\nTo see the version of the system-installed node:\nnvm run system --version\nListing installed versions:\nnvm ls\nList available remote versions:\nnvm ls-remote\nInstall the desired version:\nnvm install v18\nOpen a new terminal window and set the default version:\nnvm use v18.18.2\nnvm alias default v18.18.2\nNow you can check the version:\nnode --version\nnpm --version\n","pageTitle":"Important Commands","metaDescription":"","type":"Documentation","breadcrumbs":"","root":0,"depth":0}