{"objectID":"_utilities.html#how_to_use_it","parent":"_utilities.html#nodejs","pageViews":0,"url":"writerside-documentation/utilities.html#how-to-use-it","mainTitle":"Utilities","product":"","headings":"Utilities,How to use it","content":"List of virtual environments created:\nworkon\nCreate a virtual environment (all command line options except -a, -i, -r, and -h are passed directly to virtualenv, so you can use -p to select a Python version):\nmkvirtualenv \u0026lt;environment-name\u0026gt;\nActivate the virtual environment:\nworkon \u0026lt;environment-name\u0026gt;\nInstall some package inside the virtual environment (say, Django):\n\u0026lt;environment-name\u0026gt; $ pip install django\nOnce you are done, deactivate the virtual environment:\n\u0026lt;environment-name\u0026gt; $ deactivate\nTo delete a virtual environment:\nrm -rf ~/.virtualenvs/\u0026lt;environment-name\u0026gt;\n","pageTitle":"How to use it","metaDescription":"","type":"Documentation","breadcrumbs":"","root":0,"depth":0}