{"objectID":"_utilities.html#installation","parent":"_utilities.html#nodejs","pageViews":0,"url":"writerside-documentation/utilities.html#installation","mainTitle":"Utilities","product":"","headings":"Utilities,Installation","content":"From the AUR, already configured for Manjaro (might be outdated):\nyay -S amdfan\nInstall amdfan in a virtual environment and set it up:\npip install amdfan\n","pageTitle":"Installation","metaDescription":"","type":"Documentation","breadcrumbs":"","root":0,"depth":0}