{"objectID":"_utilities.html#updating","parent":"_utilities.html#nodejs","pageViews":0,"url":"writerside-documentation/utilities.html#updating","mainTitle":"Utilities","product":"","headings":"Utilities,Updating","content":"If we make changes to the configuration file, we need to make systemd aware of the changes:\nsudo systemctl daemon-reload\nThen we need to restart the service:\nsudo systemctl restart amdfan\nTo check the status of the service:\nsystemctl status amdfan\n","pageTitle":"Updating","metaDescription":"","type":"Documentation","breadcrumbs":"","root":0,"depth":0}