{"objectID":"_version_control.html#install_github_cli_tools","parent":"_version_control.html#git","pageViews":0,"url":"writerside-documentation/version-control.html#install-github-cli-tools","mainTitle":"Version Control","product":"","headings":"Version Control,Install GitHub CLI tools","content":"GitHub CLI brings GitHub to your terminal. It enables you to perform many of the same actions you would on GitHub.com, but directly from your terminal.\nAct is a tool that runs your GitHub Actions locally. It is a single binary that is straightforward to install and run.\nsudo pacman -S --needed act actionlint shellcheck python-pyflakes python-dotenv github-cli\n","pageTitle":"Install GitHub CLI tools","metaDescription":"","type":"Documentation","breadcrumbs":"","root":0,"depth":0}