{"objectID":"_version_control.html#git","parent":"_version_control.html#git","pageViews":0,"url":"writerside-documentation/version-control.html#git","mainTitle":"Version Control","product":"","headings":"Version Control,Git","content":"Git is a distributed version control system widely used for source code management. It is designed to handle everything from small to huge projects with speed and efficiency.\n","pageTitle":"Git","metaDescription":"","type":"Documentation","breadcrumbs":"","root":0,"depth":0}