{"objectID":"_version_control.html#keyring","parent":"_version_control.html#git","pageViews":0,"url":"writerside-documentation/version-control.html#keyring","mainTitle":"Version Control","product":"","headings":"Version Control,Keyring","content":"Keyring is a secure way to store credentials for Git. It is a daemon that stores passwords and other sensitive information in encrypted files using the Secret Service API.\n","pageTitle":"Keyring","metaDescription":"","type":"Documentation","breadcrumbs":"","root":0,"depth":0}