{"objectID":"_version_control.html#system_level_configuration","parent":"_version_control.html#git","pageViews":0,"url":"writerside-documentation/version-control.html#system-level-configuration","mainTitle":"Version Control","product":"","headings":"Version Control,System-level Configuration","content":"sudo git config --system core.editor vim\nsudo git config --system core.excludesFile /etc/gitignore\nsudo git config --system init.defaultBranch main\nsudo git config --system pull.ff true\nsudo git config --system pull.rebase true\nsudo git config --system credential.helper /usr/lib/git-core/git-credential-libsecret\nsudo git config --system user.name \"Matias Pujado\"\nsudo git config --system user.email matiaspujado@gmail.com\nsudo git config --system --add safe.directory \u0027*\u0027\n","pageTitle":"System-level Configuration","metaDescription":"","type":"Documentation","breadcrumbs":"","root":0,"depth":0}