{"objectID":"_version_control.html#ssh_key_generation","parent":"_version_control.html#git","pageViews":0,"url":"writerside-documentation/version-control.html#ssh-key-generation","mainTitle":"Version Control","product":"","headings":"Version Control,SSH Key Generation","content":"SSH keys are a pair of cryptographic keys that can be used to authenticate to an SSH server as an alternative to password-based logins. One key is private and kept secure on your machine, while another is public and shared with the server.\nssh-keygen -t ed25519 -C \"your_email@example.com\"\n","pageTitle":"SSH Key Generation","metaDescription":"","type":"Documentation","breadcrumbs":"","root":0,"depth":0}