{"objectID":"_version_control.html#gpg_key_generation","parent":"_version_control.html#git","pageViews":0,"url":"writerside-documentation/version-control.html#gpg-key-generation","mainTitle":"Version Control","product":"","headings":"Version Control,GPG Key Generation","content":"GPG keys are a pair of cryptographic keys that can be used to sign and encrypt data. One key is private and kept secure on your machine, while another is public and shared with the server.\nFollow the default options (RSA, 4096 bits). Input your personal information: name, email, and passphrase.\ngpg --full-generate-key\n","pageTitle":"GPG Key Generation","metaDescription":"","type":"Documentation","breadcrumbs":"","root":0,"depth":0}