{"objectID":"_version_control.html#git_configuration","parent":"_version_control.html#git","pageViews":0,"url":"writerside-documentation/version-control.html#git-configuration","mainTitle":"Version Control","product":"","headings":"Version Control,Git Configuration","content":"The git config command is a convenient way to set configuration options that control all aspects of how Git operates. These configuration options are stored in three different places, each with a different scope:\n- System-level (--system): These options are applied to every user on the system and all of their repositories. They are stored in the /etc/gitconfig file. If you pass the --system option to git config, it reads and writes from this file specifically.\n- Global-level (--global): These options are applied to all repositories of the current user. They are stored in the .gitconfig or .config/git/config file in the user’s home directory. If you pass the --global option to git config, it reads and writes from this file.\n- Local-level (--local): These options are applied to the current repository only. They are stored in the .git/config file in the repository’s root directory. If you don\u0027t specify a level when using git config, this is the default scope.\nEach level overrides the values from the previous level, so options in a repository\u0027s .git/config file override those in the user\u0027s .gitconfig file, which in turn override those in the /etc/gitconfig file.\nHere\u0027s an example of how to set the username at different levels:\n- System-level: sudo git config --system user.name \u0026quot;System User\u0026quot; - Global-level: git config --global user.name \u0026quot;Global User\u0026quot; - Local-level: git config --local user.name \u0026quot;Local User\u0026quot; To see the origin of your configuration, you can use the git config --list --show-origin command.\n","pageTitle":"Git Configuration","metaDescription":"","type":"Documentation","breadcrumbs":"","root":0,"depth":0}