{"entities":{"pages":{"setup-system":{"id":"setup-system","title":"Setting your system up","url":"setup-system.html","level":0,"tabIndex":0},"first-steps":{"id":"first-steps","title":"First Steps","url":"first-steps.html","level":0,"tabIndex":1},"setup-manjaro":{"id":"setup-manjaro","title":"Setting up Manjaro","url":"setup-manjaro.html","level":0,"tabIndex":2},"home-servers":{"id":"home-servers","title":"Home Servers","url":"home-servers.html","level":0,"tabIndex":3},"terminal":{"id":"terminal","title":"Terminal","url":"terminal.html","level":0,"tabIndex":4},"references":{"id":"references","title":"References","url":"references.html","level":0,"tabIndex":5}}},"topLevelIds":["setup-system","first-steps","setup-manjaro","home-servers","terminal","references"]}